district,season,annual_rainfall_mm,monsoon_rainfall_mm,rainfall_24h_mm,rainfall_7d_mm,cloud_visibility_km,river_level_m,humidity_percent,soil_moisture_percent,temperature_c,flood
Kurnool,monsoon,1087.6,937.9,39.4,255.2,7.7,8.51,53.5,70.6,34.4,1
Visakhapatnam,monsoon,1110.8,863.6,37.2,104.3,9.7,2.24,82.5,76.3,17.0,0
Anantapur,post_monsoon,1693.8,708.6,45.3,175.0,10.3,4.33,83.3,47.8,31.0,0
Nellore,monsoon,631.2,243.8,32.1,156.2,7.9,1.97,63.8,57.0,30.0,0
Nellore,post_monsoon,1040.9,244.7,134.9,318.2,6.9,2.72,52.5,63.1,28.8,1
Visakhapatnam,monsoon,1150.5,728.6,123.3,514.5,9.3,3.0,40.5,42.5,31.7,1
Kurnool,post_monsoon,807.0,240.2,121.3,335.5,5.0,2.19,62.2,46.9,30.2,0
Anantapur,winter,1059.3,531.4,51.0,252.5,5.5,2.2,80.4,71.2,32.1,0
Vijayawada,monsoon,522.0,669.1,25.0,82.6,7.1,3.93,54.8,75.7,27.8,0
Kurnool,monsoon,1515.3,294.2,74.4,328.5,3.0,1.89,73.6,56.3,35.7,0
Tirupati,monsoon,825.1,323.7,32.3,291.8,9.2,5.8,48.4,32.3,32.5,0
Kadapa,monsoon,1720.4,565.5,78.7,481.9,4.9,2.46,68.3,49.4,31.4,0
Anantapur,post_monsoon,1039.3,720.9,24.1,153.6,6.1,9.54,53.6,27.6,31.2,0
Visakhapatnam,post_monsoon,1389.3,866.0,53.6,307.8,6.7,3.34,70.8,56.4,34.2,0
Anantapur,pre_monsoon,1032.4,747.8,86.0,364.6,7.3,4.34,64.0,59.9,33.6,0
Visakhapatnam,monsoon,1039.9,609.2,33.6,101.0,6.4,1.74,53.0,49.9,28.5,0
Tirupati,monsoon,857.3,396.0,33.5,227.8,7.0,7.44,61.5,59.6,33.5,1
Vijayawada,monsoon,1089.3,311.6,11.4,37.2,7.1,6.33,57.1,62.9,29.8,0
Visakhapatnam,winter,1154.9,457.2,24.7,170.1,6.1,4.76,51.0,59.9,37.6,0
Nellore,winter,791.2,696.6,50.3,226.1,5.3,1.64,89.3,32.2,33.9,0
Tirupati,monsoon,1008.7,677.5,55.7,137.6,9.8,4.6,66.2,50.2,26.2,0
Rajahmundry,monsoon,848.7,50.0,61.3,445.9,2.1,2.07,36.8,62.8,39.5,0
Vijayawada,post_monsoon,1808.9,385.7,7.6,79.5,6.7,6.98,62.0,85.0,19.5,0
Kadapa,monsoon,1020.4,903.2,32.4,188.9,6.1,5.74,86.6,49.8,31.9,0
Visakhapatnam,post_monsoon,1559.9,610.6,12.7,10.4,8.2,4.38,59.8,65.5,25.9,0
Anantapur,monsoon,985.4,221.6,48.6,206.2,3.7,0.5,96.0,71.7,37.5,0
Nellore,monsoon,1135.6,1202.5,9.5,107.8,6.0,2.33,58.3,51.3,30.1,0
Visakhapatnam,winter,613.9,582.5,16.3,82.1,7.0,5.51,80.1,76.8,25.4,0
Tirupati,monsoon,902.5,689.9,69.1,297.4,9.8,6.5,88.6,77.8,27.8,1
Nellore,monsoon,1119.5,693.9,27.0,103.9,8.0,6.31,79.2,81.2,25.8,1
Nellore,post_monsoon,1573.4,494.4,97.1,367.4,4.4,1.18,50.0,63.7,27.6,1
Vijayawada,monsoon,1123.3,400.8,62.4,248.7,6.0,4.77,56.9,98.0,27.5,0
Kurnool,winter,1506.6,1141.6,33.8,132.9,9.3,6.13,90.7,43.3,25.6,0
Tirupati,monsoon,1261.4,850.8,76.4,152.6,4.3,1.05,59.1,95.4,30.2,1
Kadapa,winter,1587.0,803.7,35.9,188.6,7.0,4.18,87.6,69.6,30.8,0
Kurnool,winter,1030.5,739.8,66.5,256.4,7.2,4.72,65.1,80.5,24.5,0
Visakhapatnam,monsoon,1838.8,329.1,23.7,194.5,6.3,3.63,74.3,48.9,21.5,0
Visakhapatnam,monsoon,889.8,922.2,79.4,153.1,13.7,0.68,49.8,71.0,30.4,0
Rajahmundry,monsoon,797.1,370.8,10.4,36.6,6.2,3.58,62.3,82.1,31.4,0
Anantapur,post_monsoon,650.7,663.7,16.3,178.5,8.3,3.58,58.0,34.3,32.3,0
Vijayawada,monsoon,1819.2,163.8,18.8,121.9,5.4,3.92,75.6,51.9,31.5,0
Visakhapatnam,monsoon,1320.4,59.4,25.8,178.9,8.5,3.13,73.5,14.3,36.1,0
Anantapur,winter,939.7,672.8,51.6,219.8,9.3,3.36,79.4,51.6,33.5,0
Rajahmundry,pre_monsoon,1462.2,379.6,40.9,171.8,5.8,4.12,64.2,39.5,41.1,0
Kurnool,monsoon,1276.9,72.8,67.1,379.7,7.1,5.04,57.1,50.9,43.0,0
Kadapa,post_monsoon,1698.8,730.6,86.8,523.5,5.1,3.62,74.9,98.0,21.1,1
Nellore,winter,539.2,1141.2,9.3,82.9,4.5,3.42,55.5,87.6,19.1,0
Kadapa,monsoon,962.4,951.3,93.6,406.5,9.7,4.38,89.3,27.7,29.0,1
Anantapur,monsoon,897.4,523.1,35.4,157.5,5.9,0.55,70.2,65.6,31.3,0
Visakhapatnam,winter,398.7,592.3,119.8,224.0,1.4,5.11,66.8,70.2,28.7,1
Visakhapatnam,monsoon,1399.9,820.8,22.9,154.6,11.4,4.2,79.4,48.6,32.2,0
Vijayawada,post_monsoon,960.8,881.8,6.7,190.2,5.3,4.28,70.8,58.4,27.8,0
Rajahmundry,monsoon,1294.1,500.7,62.8,347.5,6.6,6.03,45.5,60.2,25.9,1
Nellore,pre_monsoon,1828.7,598.9,60.2,200.7,11.1,0.5,55.0,29.4,26.6,0
Nellore,post_monsoon,933.4,668.2,16.7,0.0,6.9,0.5,88.9,35.4,28.1,0
Kurnool,monsoon,911.0,734.0,18.2,8.7,6.8,4.72,73.3,58.3,32.8,0
Tirupati,post_monsoon,1089.2,555.4,70.4,314.4,4.3,4.19,45.1,56.9,26.8,0
Vijayawada,pre_monsoon,1375.8,558.8,53.3,282.0,3.3,4.52,77.6,41.5,27.7,1
Anantapur,monsoon,863.0,948.8,32.8,133.9,6.8,3.32,63.1,39.9,31.6,0
Anantapur,monsoon,841.8,904.5,57.0,230.2,8.1,5.46,58.0,53.3,28.1,0
Kadapa,pre_monsoon,1398.9,714.1,49.7,290.7,7.9,5.97,53.7,71.8,34.0,1
Anantapur,post_monsoon,1175.0,1037.0,19.9,94.2,6.0,5.12,88.0,53.5,24.9,0
Rajahmundry,pre_monsoon,375.2,489.5,73.9,364.1,7.2,3.7,40.6,85.8,23.9,1
Kadapa,winter,645.6,1012.0,64.7,398.0,2.8,0.5,58.6,41.8,30.4,1
Nellore,monsoon,1545.4,731.1,41.6,180.9,8.3,5.66,73.9,58.7,30.8,1
Rajahmundry,monsoon,1182.6,1440.5,70.4,304.1,7.6,6.52,97.3,48.3,25.1,1
Kadapa,monsoon,798.5,280.0,129.3,486.7,11.9,5.42,80.9,66.2,35.0,1
Rajahmundry,post_monsoon,993.8,410.8,18.0,116.9,7.2,2.53,58.5,40.1,37.7,0
Kurnool,pre_monsoon,1054.4,698.9,33.9,238.7,4.9,5.48,96.5,91.6,26.2,1
Nellore,monsoon,1292.8,693.3,35.1,125.2,7.1,5.84,50.3,22.9,35.7,0
Visakhapatnam,pre_monsoon,601.8,1097.0,69.4,448.1,6.4,7.16,76.2,87.6,18.3,1
Vijayawada,monsoon,772.5,416.2,25.5,78.4,8.2,2.54,79.8,56.7,33.8,0
Nellore,post_monsoon,1140.1,825.3,66.9,314.1,7.3,3.77,57.9,65.5,25.1,0
Vijayawada,monsoon,1017.1,892.2,28.0,67.0,4.2,5.62,83.2,80.4,33.4,0
Anantapur,monsoon,1238.7,773.2,16.2,135.5,3.3,4.31,63.8,71.3,24.7,0
Nellore,monsoon,644.3,340.1,43.3,180.0,7.8,2.08,83.1,41.1,28.7,0
Rajahmundry,post_monsoon,1167.9,956.0,27.5,134.0,10.5,4.99,42.6,66.4,25.4,0
Vijayawada,monsoon,1410.2,909.6,46.4,380.5,7.4,5.3,77.4,90.5,28.0,1
Tirupati,pre_monsoon,1210.7,745.9,54.4,300.2,9.2,4.37,65.4,38.1,37.2,0
Anantapur,monsoon,1095.9,643.1,10.0,142.3,9.6,4.62,90.4,95.3,28.5,0
Kadapa,winter,1018.4,648.8,30.0,152.6,7.8,3.71,71.3,62.3,38.5,0
Nellore,pre_monsoon,774.5,569.5,43.4,315.8,5.2,7.01,92.0,46.8,27.3,0
Vijayawada,winter,1026.2,756.6,70.6,367.2,7.7,2.49,80.1,38.0,35.7,0
Visakhapatnam,monsoon,1465.7,598.1,65.0,358.9,10.1,3.08,70.0,50.8,21.7,1
Anantapur,monsoon,1010.7,369.4,21.3,87.5,8.5,4.22,84.6,17.8,27.7,0
Anantapur,monsoon,756.4,317.4,36.4,135.5,9.0,5.87,84.7,47.1,26.6,0
Kurnool,monsoon,887.6,394.5,56.3,329.5,6.1,1.35,79.6,50.0,35.9,0
Rajahmundry,post_monsoon,1116.3,647.8,34.6,276.0,6.7,1.71,35.3,34.6,29.8,0
Visakhapatnam,monsoon,926.7,583.0,23.0,89.0,6.9,0.5,56.3,69.2,19.6,0
Visakhapatnam,monsoon,1210.2,646.0,39.8,229.2,7.1,4.26,94.1,50.8,23.1,0
Nellore,pre_monsoon,1222.5,720.2,52.8,259.8,10.0,2.08,51.9,42.9,24.4,0
Visakhapatnam,post_monsoon,1343.4,426.9,19.6,107.8,1.6,3.47,86.1,48.8,33.2,0
Visakhapatnam,pre_monsoon,1519.8,971.1,60.5,262.6,7.3,5.46,83.3,61.7,32.6,0
Nellore,pre_monsoon,1378.6,520.4,45.2,398.6,7.0,2.98,60.4,56.4,27.6,0
Kadapa,post_monsoon,741.7,477.3,62.0,380.0,3.9,4.64,40.1,41.7,26.5,0
Rajahmundry,monsoon,751.8,715.4,39.1,173.8,8.8,3.63,62.9,57.4,32.2,0
Vijayawada,monsoon,1025.0,112.5,117.2,312.0,5.5,5.48,99.0,54.0,23.9,1
Anantapur,monsoon,901.1,384.5,52.1,229.3,6.3,5.1,58.2,33.4,31.1,0
Anantapur,monsoon,674.4,845.1,66.7,312.5,11.6,2.89,59.3,49.5,30.7,0
Vijayawada,pre_monsoon,904.2,138.3,60.3,386.4,9.6,3.88,56.0,66.0,27.8,0
Visakhapatnam,pre_monsoon,893.4,880.6,36.1,148.4,8.6,6.18,91.4,65.9,30.8,0
Vijayawada,pre_monsoon,828.3,982.9,48.9,135.1,8.1,4.95,68.1,50.6,29.5,0
Visakhapatnam,pre_monsoon,945.8,493.9,26.0,216.1,6.8,1.55,62.0,67.9,31.2,0
Kurnool,post_monsoon,1438.9,665.9,111.8,277.5,12.0,5.45,94.6,36.4,23.0,1
Visakhapatnam,pre_monsoon,1115.7,881.0,56.0,345.0,9.1,2.14,81.3,37.0,31.8,0
Visakhapatnam,monsoon,1865.7,468.6,21.9,142.1,5.4,6.88,57.3,50.2,33.6,0
Visakhapatnam,monsoon,1106.3,815.6,96.0,456.7,3.8,6.15,52.4,83.5,30.4,1
Anantapur,monsoon,954.3,415.5,37.4,198.8,8.6,4.75,90.5,58.1,31.7,0
Nellore,monsoon,1051.4,465.8,72.9,321.3,7.1,4.5,72.3,49.8,28.5,0
Anantapur,monsoon,1134.6,382.2,9.7,137.1,3.8,3.8,47.2,84.3,33.0,0
Rajahmundry,post_monsoon,1193.6,679.1,85.0,328.8,8.2,5.49,43.5,49.5,29.3,1
Visakhapatnam,monsoon,1735.3,891.1,54.5,187.1,6.6,3.5,54.1,97.5,23.8,1
Tirupati,monsoon,771.0,542.1,20.5,135.2,8.5,4.65,52.2,45.3,32.7,0
Nellore,post_monsoon,1333.5,259.5,53.8,405.7,8.3,5.86,39.3,35.8,21.6,0
Tirupati,monsoon,1118.6,308.5,104.8,553.0,5.7,3.13,54.4,51.8,30.3,1
Tirupati,pre_monsoon,531.5,692.6,26.6,68.1,8.7,3.03,57.3,50.3,27.3,0
Kurnool,monsoon,1304.3,1069.5,26.3,184.7,6.0,1.93,64.6,39.7,27.0,0
Vijayawada,winter,1468.3,692.4,35.7,0.0,6.2,2.18,99.0,98.0,29.8,0
Vijayawada,monsoon,767.1,489.4,43.1,235.3,5.9,0.73,67.7,61.1,25.8,0
Kurnool,post_monsoon,1047.1,789.2,76.1,270.2,9.9,5.59,69.3,63.8,31.3,0
Nellore,monsoon,480.6,527.7,56.5,293.4,6.5,7.64,80.1,46.2,29.3,1
Anantapur,monsoon,634.6,491.6,35.7,211.0,10.5,6.91,68.2,44.0,26.2,0
Anantapur,winter,1395.8,340.8,50.4,119.7,11.5,1.11,78.4,74.5,35.0,0
Nellore,post_monsoon,896.1,956.2,115.7,440.9,5.4,5.58,76.5,23.2,29.9,1
Visakhapatnam,winter,684.1,50.0,63.2,163.0,0.4,6.9,74.0,33.3,31.8,0
Tirupati,winter,1125.7,797.4,38.5,129.5,9.7,3.33,99.0,50.3,35.4,0
Kurnool,pre_monsoon,877.6,469.4,34.9,80.0,6.4,4.39,86.6,80.7,35.3,0
Visakhapatnam,winter,894.6,483.3,48.4,166.9,5.1,0.5,54.7,47.9,31.6,0
Tirupati,monsoon,1294.0,1030.0,75.5,449.6,5.8,4.71,77.9,62.9,27.6,1
Anantapur,monsoon,666.6,404.3,23.8,170.8,6.2,2.18,59.3,55.5,22.6,0
Tirupati,pre_monsoon,751.2,413.2,68.9,373.9,10.3,4.58,79.1,79.6,29.9,1
Tirupati,winter,1100.8,556.1,37.9,137.2,7.6,1.23,50.0,24.9,33.9,0
Kurnool,winter,1369.9,697.6,42.0,175.3,10.3,5.23,54.3,69.0,30.6,0
Tirupati,monsoon,1458.6,475.1,174.1,647.9,8.4,6.15,77.5,51.2,17.0,1
Visakhapatnam,winter,830.5,180.8,64.4,308.9,6.5,2.71,88.0,72.6,32.9,0
Rajahmundry,monsoon,1359.3,364.9,28.1,41.3,6.3,2.04,80.0,39.4,33.2,0
Tirupati,pre_monsoon,791.2,923.1,54.4,125.6,8.5,0.5,85.7,55.5,27.6,0
Kurnool,pre_monsoon,1652.6,609.4,77.9,414.9,9.2,3.69,78.0,53.1,33.4,0
Rajahmundry,monsoon,675.9,707.3,64.8,387.2,9.6,3.09,74.8,36.0,31.8,0
Nellore,monsoon,1488.4,522.0,5.5,0.0,6.6,1.25,63.9,30.7,25.9,0
Kadapa,winter,833.4,418.5,40.8,95.9,7.6,5.06,85.0,44.0,34.7,0
Vijayawada,winter,1714.4,1026.2,56.0,139.3,8.6,3.35,88.4,57.5,23.3,0
Rajahmundry,post_monsoon,1245.1,541.1,53.0,293.8,6.3,2.16,71.0,40.6,28.7,0
Nellore,winter,714.7,474.7,29.9,209.7,4.5,3.15,70.1,48.7,28.3,0
Kadapa,monsoon,877.7,875.0,65.6,292.1,5.3,6.24,97.5,19.2,25.3,1
Visakhapatnam,monsoon,1307.8,402.2,85.2,296.7,6.6,5.35,71.7,48.0,30.4,1
Kurnool,pre_monsoon,1397.4,435.4,10.3,131.0,8.8,3.95,73.2,74.4,34.9,0
Vijayawada,monsoon,1026.7,592.7,9.4,107.2,10.2,5.38,79.7,68.4,34.6,0
Visakhapatnam,monsoon,1064.7,590.1,54.1,254.5,3.9,1.99,70.4,53.3,32.3,1
Kurnool,post_monsoon,1300.3,657.5,69.1,212.9,5.8,4.26,58.9,59.6,21.4,1
Visakhapatnam,pre_monsoon,1093.5,1133.8,26.7,143.8,6.3,4.48,78.0,39.3,23.0,0
Rajahmundry,pre_monsoon,623.1,677.4,5.9,78.5,9.1,3.31,71.4,85.9,29.7,0
Kadapa,pre_monsoon,781.7,50.0,41.3,191.7,5.9,5.03,99.0,94.3,28.8,0
Rajahmundry,monsoon,1127.6,674.8,53.5,159.2,6.2,2.72,84.6,58.1,26.8,0
Nellore,monsoon,1451.1,599.8,33.6,200.4,3.8,5.17,62.5,98.0,37.6,1
Anantapur,pre_monsoon,1583.3,601.3,79.1,298.2,8.4,5.25,83.7,42.1,29.5,1
Vijayawada,pre_monsoon,1307.2,653.9,51.4,272.3,6.8,0.5,76.9,31.2,31.4,0
Tirupati,post_monsoon,1144.8,582.5,24.5,186.0,5.6,6.46,93.0,41.5,33.4,1
Tirupati,winter,1297.1,576.3,26.5,128.7,6.6,0.5,63.6,50.8,29.2,0
Visakhapatnam,monsoon,830.0,749.4,41.9,251.7,9.9,3.03,75.0,98.0,40.7,0
Kadapa,monsoon,999.4,449.1,32.0,183.1,4.8,6.15,70.4,49.7,24.8,0
Anantapur,pre_monsoon,778.0,343.6,8.8,27.0,5.2,3.6,72.9,38.7,26.3,0
Nellore,winter,637.9,1376.2,48.4,197.6,10.2,1.41,57.8,37.9,24.8,0
Nellore,pre_monsoon,1160.1,403.9,27.1,6.3,7.4,2.12,81.2,76.7,36.0,0
Nellore,post_monsoon,1111.2,616.0,30.7,143.2,8.8,6.15,78.7,73.9,32.6,0
Visakhapatnam,winter,1276.9,201.1,17.9,76.7,8.2,0.55,92.6,45.8,26.6,0
Rajahmundry,pre_monsoon,1230.2,620.3,106.5,621.7,7.1,6.35,71.8,19.4,25.1,1
Vijayawada,winter,1130.1,347.4,61.9,253.4,6.4,4.1,65.4,33.6,35.2,0
Rajahmundry,winter,1233.7,475.0,123.1,627.6,9.2,1.93,84.6,87.7,30.6,1
Kurnool,monsoon,1035.9,861.7,33.5,155.2,10.0,3.09,59.3,68.1,35.3,0
Kurnool,pre_monsoon,1186.3,712.7,64.2,216.8,9.8,2.27,89.4,56.2,28.7,0
Kurnool,monsoon,810.4,737.8,49.0,251.8,4.4,5.85,89.3,90.5,31.3,1
Visakhapatnam,monsoon,1172.0,129.5,25.3,64.6,10.3,5.59,92.1,92.2,30.4,0
Anantapur,post_monsoon,1270.6,1067.6,33.2,194.7,6.3,0.93,78.0,54.3,26.2,0
Anantapur,winter,829.0,280.1,61.8,259.4,5.4,3.43,64.2,54.7,28.4,0
Nellore,post_monsoon,1067.1,987.4,17.8,132.2,6.8,2.56,73.7,43.9,23.7,0
Anantapur,monsoon,844.2,855.6,79.7,274.9,9.2,6.66,78.1,49.6,31.2,1
Vijayawada,pre_monsoon,876.3,740.1,46.3,139.5,8.5,1.63,63.0,26.8,32.4,0
Kadapa,monsoon,678.8,367.7,73.0,251.8,6.6,7.25,93.3,26.7,33.5,1
Tirupati,post_monsoon,1467.7,629.4,53.7,291.2,9.2,4.14,81.3,22.3,32.0,0
Kadapa,pre_monsoon,1401.7,467.6,10.4,32.2,7.5,1.99,57.7,75.6,28.4,0
Vijayawada,post_monsoon,1227.4,597.6,40.8,147.3,5.8,2.91,99.0,25.3,36.0,0
Nellore,monsoon,1700.8,525.0,80.8,240.8,5.5,2.68,73.6,92.0,33.0,1
Anantapur,monsoon,987.5,60.0,45.8,262.1,8.2,1.78,54.5,41.1,35.2,0
Nellore,post_monsoon,2050.5,881.7,41.6,87.0,7.0,4.38,58.7,88.0,35.5,0
Nellore,monsoon,974.9,568.9,45.8,130.1,3.9,1.87,95.8,48.1,28.4,0
Vijayawada,monsoon,1134.2,464.0,8.1,90.3,9.2,0.5,99.0,25.2,30.7,0
Nellore,pre_monsoon,918.7,444.3,86.1,433.5,6.0,3.48,88.2,79.4,32.5,1
Vijayawada,monsoon,1172.9,683.2,4.4,0.0,11.0,0.77,93.1,81.6,23.8,0
Rajahmundry,monsoon,1325.8,357.6,97.6,472.0,3.8,2.77,91.5,37.8,23.9,1
Anantapur,pre_monsoon,1012.4,50.0,31.8,261.7,6.8,2.47,80.9,48.7,23.2,0
Anantapur,monsoon,1636.3,695.9,56.2,355.5,5.5,2.54,77.3,37.8,28.5,0
Tirupati,pre_monsoon,1128.9,725.0,7.4,37.0,4.9,8.0,80.6,52.7,27.5,0
Rajahmundry,winter,1139.3,538.1,68.6,191.1,6.0,4.31,83.8,57.0,22.5,0
Kadapa,winter,750.0,291.5,61.2,239.2,11.4,4.67,60.1,48.3,29.7,0
Kurnool,monsoon,1188.1,613.1,58.8,248.9,7.5,0.82,83.7,20.4,28.6,0
Rajahmundry,winter,1005.8,209.2,7.1,67.9,5.3,2.96,95.3,44.0,34.3,0
Kurnool,pre_monsoon,849.3,322.9,22.7,91.8,2.8,4.61,68.7,68.4,38.1,0
Rajahmundry,monsoon,793.8,394.8,53.9,138.3,3.1,2.25,67.0,51.0,31.1,0
Kadapa,monsoon,1931.7,809.4,84.6,342.7,5.9,5.93,79.6,48.8,25.9,1
Rajahmundry,monsoon,963.1,495.7,20.0,146.1,5.7,1.91,61.6,37.3,31.9,0
Kadapa,pre_monsoon,569.2,473.6,20.5,137.2,6.7,3.66,50.9,43.4,29.0,0
Nellore,post_monsoon,819.6,1098.2,51.5,329.1,1.7,3.09,90.4,81.8,27.9,1
Anantapur,monsoon,1033.0,681.6,164.5,562.9,7.0,4.51,64.8,33.3,25.1,1
Nellore,winter,1230.4,678.1,25.6,95.4,9.7,2.98,72.3,68.7,26.9,0
Rajahmundry,pre_monsoon,1233.1,493.9,31.5,268.0,11.1,3.69,62.2,55.9,28.2,0
Visakhapatnam,monsoon,1273.3,434.9,28.1,129.9,2.7,3.75,92.4,59.7,32.6,1
Kadapa,pre_monsoon,837.2,50.0,38.0,244.1,5.3,2.8,85.7,41.1,31.3,0
Rajahmundry,monsoon,1162.3,841.9,88.9,445.9,5.1,5.12,68.1,48.3,37.2,1
Visakhapatnam,post_monsoon,760.9,706.6,39.5,111.7,7.5,4.65,53.1,54.9,32.0,0
Rajahmundry,winter,845.5,543.4,174.4,850.0,4.3,4.03,66.4,45.1,30.9,1
Anantapur,winter,747.2,554.3,44.7,248.9,11.2,3.38,81.1,61.3,27.6,0
Visakhapatnam,post_monsoon,657.8,781.4,94.4,384.0,7.3,5.71,75.0,63.7,24.3,1
Nellore,monsoon,1401.2,185.8,33.3,151.1,6.9,3.75,73.7,96.3,26.4,0
Anantapur,winter,1277.2,436.6,14.8,136.9,11.0,3.62,75.4,60.3,25.9,0
Rajahmundry,post_monsoon,1372.3,294.6,39.4,192.5,7.2,4.4,84.1,18.7,17.5,0
Kurnool,post_monsoon,1063.0,1050.6,59.4,272.1,8.2,7.42,71.3,77.1,24.5,1
Kurnool,monsoon,1306.3,817.7,22.8,117.5,5.4,1.65,79.2,51.1,36.2,0
Nellore,monsoon,468.8,50.0,85.1,225.0,3.9,5.66,56.2,93.2,30.7,1
Kadapa,pre_monsoon,1334.8,196.4,29.1,113.5,5.7,0.6,99.0,82.9,27.3,0
Vijayawada,winter,1108.4,555.6,17.9,238.2,12.4,4.61,67.5,45.4,30.8,0
Nellore,monsoon,1256.9,467.2,154.3,567.4,8.7,7.19,75.3,68.7,20.2,1
Anantapur,pre_monsoon,1175.4,245.7,21.9,109.5,7.9,5.13,81.1,43.7,30.3,0
Vijayawada,monsoon,724.3,1095.6,28.5,211.4,4.9,4.52,65.4,55.1,34.7,0
Anantapur,post_monsoon,555.6,671.3,65.9,346.1,9.4,3.14,72.1,67.8,28.5,0
Rajahmundry,winter,815.0,713.5,32.4,225.3,3.9,4.26,71.9,76.1,21.0,0
Visakhapatnam,monsoon,1236.4,410.1,18.4,54.7,3.4,3.72,57.4,72.0,27.1,0
Tirupati,pre_monsoon,1277.7,777.8,26.4,78.5,5.9,2.71,79.0,56.4,34.8,0
Tirupati,post_monsoon,598.6,491.1,128.2,777.4,11.9,3.65,45.6,98.0,30.2,1
Vijayawada,pre_monsoon,726.2,516.3,60.8,430.5,11.8,4.58,99.0,48.1,22.6,0
Nellore,monsoon,811.3,748.9,68.9,270.3,6.1,2.74,84.7,24.5,39.7,0
Visakhapatnam,monsoon,932.1,166.5,49.8,209.7,5.6,2.67,82.2,28.1,23.4,0
Kurnool,monsoon,600.5,1005.2,55.7,215.8,3.3,1.62,44.2,83.0,27.9,1
Visakhapatnam,monsoon,580.7,637.4,30.6,118.9,7.4,4.94,59.3,53.5,24.3,0
Nellore,monsoon,778.8,923.0,45.6,148.4,7.6,5.24,94.2,58.0,24.3,1
Anantapur,monsoon,1078.5,310.4,6.4,87.8,9.1,4.64,99.0,44.7,27.0,0
Anantapur,monsoon,660.4,350.0,77.5,446.5,9.4,6.03,91.1,46.4,31.9,0
Nellore,post_monsoon,1011.8,287.9,30.4,36.5,6.7,4.37,88.6,40.0,34.8,0
Rajahmundry,monsoon,1399.3,655.1,15.9,43.3,8.5,4.94,80.4,64.0,27.3,0
Anantapur,monsoon,620.4,607.2,47.5,183.1,5.5,4.78,58.4,53.1,24.5,1
Vijayawada,winter,981.9,469.3,36.0,72.6,8.5,4.03,87.9,63.3,31.2,0
Tirupati,monsoon,1388.2,326.3,75.7,284.4,6.0,3.19,54.4,61.4,31.3,0
Kurnool,monsoon,912.0,260.7,40.0,102.1,8.3,8.41,52.6,46.9,30.1,0
Anantapur,monsoon,860.7,577.4,25.9,221.8,8.1,3.34,51.6,27.3,30.2,0
Anantapur,winter,1434.0,468.9,40.7,358.7,7.4,2.93,87.6,25.6,28.5,0
Kurnool,post_monsoon,949.0,411.7,101.3,350.6,9.1,5.02,71.1,98.0,29.4,1
Visakhapatnam,monsoon,1414.5,992.2,77.3,479.6,3.4,4.68,73.6,83.1,28.2,1
Nellore,monsoon,1191.6,568.6,60.7,263.1,4.6,1.53,71.8,80.5,33.8,1
Visakhapatnam,pre_monsoon,936.9,920.2,79.5,358.6,6.6,6.33,54.0,42.2,39.0,1
Kurnool,post_monsoon,1208.3,451.4,63.8,299.8,3.7,4.02,61.3,55.2,29.8,1
Vijayawada,pre_monsoon,1155.7,653.6,20.6,60.0,6.2,2.09,62.1,39.5,29.0,0
Nellore,pre_monsoon,1386.9,575.6,69.2,378.9,6.3,6.46,49.5,30.1,30.2,0
Vijayawada,post_monsoon,869.0,148.6,85.6,345.5,10.3,5.39,63.9,43.8,26.0,0
Rajahmundry,post_monsoon,1063.6,961.4,88.7,399.9,7.5,1.8,54.7,80.2,32.4,1
Anantapur,pre_monsoon,1029.7,554.9,17.1,0.0,9.7,7.58,81.2,71.0,31.0,0
Vijayawada,monsoon,1282.4,784.1,28.6,105.0,7.9,5.45,82.6,36.6,27.1,0
Anantapur,monsoon,711.7,394.5,25.4,157.3,5.9,4.18,51.3,49.0,33.1,0
Kurnool,post_monsoon,1385.6,547.1,33.0,111.4,7.5,7.22,67.3,69.2,29.1,0
Vijayawada,monsoon,1203.9,364.6,56.5,379.5,9.0,4.5,99.0,44.2,24.6,0
Tirupati,monsoon,615.4,911.4,46.6,228.6,10.1,4.15,56.3,56.5,30.6,0
Visakhapatnam,monsoon,1448.7,671.0,46.6,88.5,6.9,2.95,78.8,62.6,30.1,0
Vijayawada,monsoon,1787.3,685.4,13.4,190.5,3.2,5.31,73.7,62.4,33.3,1
Rajahmundry,monsoon,1380.6,943.1,27.7,43.2,3.1,5.11,89.5,59.8,32.7,1
Kadapa,monsoon,1520.9,890.6,92.9,604.9,6.4,4.23,76.7,42.6,28.5,1
Kadapa,winter,1078.2,789.0,85.4,419.5,1.6,2.7,65.1,44.5,26.9,1
Tirupati,post_monsoon,501.7,220.4,39.6,125.2,11.5,4.45,73.1,33.5,29.0,0
Nellore,post_monsoon,441.4,409.1,69.4,208.9,8.6,4.07,73.3,25.3,30.6,0
Rajahmundry,monsoon,1134.2,329.0,53.2,321.5,5.7,1.67,70.5,52.8,31.2,0
Tirupati,winter,854.6,779.2,74.4,360.4,4.5,1.4,50.9,70.5,30.4,1
Tirupati,pre_monsoon,748.2,634.4,71.4,372.2,9.7,5.27,91.9,28.8,28.6,0
Rajahmundry,monsoon,1029.3,228.5,41.8,125.2,4.5,0.5,89.1,60.2,33.5,0
Kurnool,winter,1253.1,540.9,60.9,330.8,4.8,4.59,55.3,69.9,26.0,1
Vijayawada,post_monsoon,570.6,201.5,55.5,198.2,5.4,3.29,67.2,20.1,40.2,0
Kadapa,monsoon,901.9,576.2,42.6,188.9,7.5,6.69,68.4,49.9,32.4,1
Nellore,monsoon,1548.3,159.6,36.4,106.2,8.7,3.26,53.5,86.3,23.9,0
Nellore,post_monsoon,695.2,727.5,117.4,276.5,10.1,5.45,42.1,65.5,29.8,1
Nellore,monsoon,1337.0,688.3,42.7,291.0,9.7,3.45,61.3,19.5,32.5,0
Visakhapatnam,pre_monsoon,890.0,1086.1,66.6,418.7,7.2,4.42,66.3,67.5,27.4,1
Kurnool,monsoon,1230.1,810.4,111.8,498.3,9.6,5.6,48.9,40.8,22.3,1
Kurnool,monsoon,1412.1,480.0,60.9,269.8,5.6,3.32,74.8,68.1,24.3,0
Rajahmundry,monsoon,1294.6,802.7,59.1,210.9,2.8,6.09,90.6,41.9,31.4,1
Nellore,monsoon,1350.0,226.6,42.8,145.5,5.6,2.31,85.5,54.0,21.1,0
Anantapur,post_monsoon,670.0,339.8,56.2,199.3,5.3,4.76,70.0,44.8,22.5,0
Nellore,monsoon,1417.5,676.6,34.2,185.2,5.7,5.95,42.6,55.1,31.4,0
Nellore,pre_monsoon,768.6,50.0,188.3,440.6,4.9,5.45,83.5,44.2,28.0,1
Kadapa,monsoon,1135.6,580.3,13.7,90.0,6.1,7.84,74.3,50.8,25.9,1
Vijayawada,monsoon,1135.2,324.7,38.0,97.1,8.7,2.75,78.8,32.7,26.8,0
Tirupati,pre_monsoon,1210.1,616.3,61.5,352.0,11.3,1.58,99.0,64.3,22.4,0
Tirupati,pre_monsoon,1161.2,309.8,59.1,250.9,3.1,2.31,58.8,58.3,31.2,0
Nellore,monsoon,771.5,700.3,34.2,225.2,4.1,5.45,26.0,24.3,25.4,0
Visakhapatnam,pre_monsoon,604.5,595.0,9.5,60.0,5.3,5.15,55.1,73.9,26.6,0
Rajahmundry,post_monsoon,1337.9,954.1,15.7,89.2,9.0,4.39,79.8,51.7,30.6,0
Kadapa,pre_monsoon,1111.3,591.8,48.9,167.5,6.7,2.07,72.4,58.1,27.8,0
Rajahmundry,winter,1429.3,390.2,6.9,60.9,5.5,5.66,52.5,69.5,25.8,0
Tirupati,monsoon,1035.2,525.8,64.4,357.4,8.9,1.87,49.3,61.2,20.0,0
Tirupati,post_monsoon,586.3,240.5,90.0,482.5,9.5,6.4,66.3,77.1,30.7,1
Visakhapatnam,pre_monsoon,1368.8,695.6,72.0,256.1,7.2,9.63,52.1,49.4,29.4,1
Nellore,pre_monsoon,927.8,743.4,81.4,421.3,5.2,4.9,80.3,74.7,26.7,1
Rajahmundry,pre_monsoon,1162.9,1232.0,7.2,102.6,7.8,5.31,65.4,57.3,24.3,0
Kurnool,monsoon,836.3,428.3,35.2,222.2,6.6,3.26,62.0,64.6,29.1,0
Rajahmundry,monsoon,1592.6,520.4,19.3,100.9,6.6,0.76,59.9,62.7,31.2,0
Visakhapatnam,pre_monsoon,760.7,440.3,11.1,38.8,6.0,3.05,76.2,78.6,29.4,0
Kurnool,winter,938.6,645.1,30.0,113.6,9.4,2.12,72.7,68.7,36.4,0
Kadapa,monsoon,1085.5,689.2,110.1,589.3,7.8,1.45,75.2,46.6,32.2,1
Tirupati,post_monsoon,689.6,576.1,129.2,388.0,9.7,7.47,74.9,42.8,28.5,1
Vijayawada,monsoon,1159.1,872.4,21.4,84.1,10.4,4.72,70.8,54.1,32.3,0
Rajahmundry,monsoon,1581.9,429.6,44.8,176.4,8.3,4.92,55.5,40.6,29.2,0
Tirupati,winter,888.1,846.4,55.7,349.0,6.0,3.61,60.3,35.0,29.2,0
Rajahmundry,pre_monsoon,1180.4,730.0,35.3,264.4,9.7,3.87,65.7,14.6,34.8,0
Kurnool,pre_monsoon,300.0,586.9,94.1,252.6,8.3,6.03,99.0,25.6,25.0,1
Anantapur,monsoon,1037.2,508.1,30.3,243.1,13.4,4.14,50.4,92.7,29.1,0
Anantapur,post_monsoon,946.7,1220.9,26.6,60.5,7.9,5.21,65.3,42.5,34.4,0
Kurnool,post_monsoon,779.9,377.6,22.4,50.4,8.9,3.83,73.6,91.2,30.4,0
Rajahmundry,post_monsoon,1406.9,667.5,35.2,223.1,7.9,3.55,67.1,62.7,27.3,0
Vijayawada,post_monsoon,942.3,394.9,2.5,0.0,7.0,1.53,89.2,54.1,21.3,0
Anantapur,post_monsoon,991.4,1054.3,36.4,169.7,6.6,0.5,67.1,26.5,18.8,0
Anantapur,winter,925.5,820.6,46.7,227.8,7.9,3.7,68.2,55.1,38.3,0
Anantapur,pre_monsoon,417.5,413.6,48.8,194.9,8.5,4.31,85.0,91.0,30.4,0
Kadapa,pre_monsoon,676.4,723.3,18.3,68.0,10.0,1.76,99.0,84.6,26.4,0
Visakhapatnam,monsoon,1367.2,657.0,48.2,169.7,7.9,4.13,94.5,60.2,30.6,0
Rajahmundry,winter,353.7,455.7,47.5,145.1,6.1,4.3,69.8,33.2,24.7,0
Kurnool,post_monsoon,797.1,787.1,48.2,252.6,6.4,0.5,71.2,36.8,27.5,0
Tirupati,monsoon,918.1,691.2,72.9,419.5,4.0,2.46,72.7,38.8,24.8,0
Kadapa,monsoon,1625.4,646.1,17.7,49.8,11.2,4.97,74.4,79.3,22.6,0
Kadapa,pre_monsoon,1303.6,579.1,35.7,63.3,5.9,4.94,58.4,86.0,19.5,0
Vijayawada,pre_monsoon,866.1,702.1,8.9,69.3,9.5,2.01,87.0,58.7,21.8,0
Vijayawada,pre_monsoon,1480.5,649.6,68.5,355.7,7.9,4.5,75.3,49.2,33.6,0
Kurnool,post_monsoon,805.6,605.4,20.1,48.7,7.9,6.14,71.3,84.4,24.6,0
Vijayawada,monsoon,1383.0,423.3,80.3,221.8,6.9,5.68,51.7,36.4,31.4,0
Tirupati,monsoon,601.6,1030.4,82.1,328.2,5.3,4.02,73.0,56.0,33.3,1
Tirupati,pre_monsoon,1404.2,316.9,38.3,233.8,4.9,3.31,41.7,63.8,29.1,0
Rajahmundry,monsoon,916.0,701.2,36.8,207.6,11.3,3.0,62.7,38.6,27.7,0
Rajahmundry,monsoon,710.6,506.7,12.6,71.1,7.5,5.09,63.0,42.9,29.6,0
Visakhapatnam,monsoon,978.3,1047.5,43.8,76.4,9.9,4.57,76.6,41.4,27.1,0
Nellore,monsoon,1141.5,355.1,72.5,306.8,10.5,5.4,99.0,81.9,34.4,0
Visakhapatnam,pre_monsoon,886.7,398.8,52.4,276.3,6.2,4.45,81.2,91.4,37.4,1
Kadapa,post_monsoon,1232.8,337.8,101.3,354.2,8.2,5.76,95.2,57.2,35.5,1
Rajahmundry,winter,857.6,674.1,32.6,135.8,7.3,4.38,82.3,49.9,19.3,0
Vijayawada,post_monsoon,1254.7,233.0,32.6,80.5,4.4,5.69,90.0,43.6,27.0,0
Kadapa,winter,1195.9,465.6,21.3,63.1,6.8,5.85,99.0,55.0,29.0,0
Anantapur,pre_monsoon,1029.9,50.0,144.3,337.1,8.6,2.67,60.3,44.5,31.1,0
Rajahmundry,post_monsoon,904.3,652.5,12.5,107.6,6.0,0.76,59.2,53.2,21.2,0
Tirupati,pre_monsoon,1100.0,459.9,69.1,343.7,6.4,7.13,82.7,62.9,21.2,1
Tirupati,monsoon,1231.6,203.1,73.5,329.9,6.8,4.69,71.9,47.3,34.9,0
Kadapa,monsoon,1730.4,872.3,71.4,392.9,12.3,0.94,75.5,51.4,26.5,0
Rajahmundry,pre_monsoon,1360.0,250.0,22.7,181.7,2.8,2.84,68.0,51.5,22.3,0
Kadapa,monsoon,1372.1,797.2,38.2,151.1,8.4,5.67,62.5,49.0,24.0,0
Kadapa,post_monsoon,2069.2,407.7,62.7,125.2,6.6,3.67,97.9,46.6,30.8,0
Vijayawada,post_monsoon,1220.3,1006.4,27.0,137.0,5.7,3.23,54.4,69.5,25.3,0
Vijayawada,pre_monsoon,1209.9,784.9,34.4,127.0,6.5,6.86,83.0,21.4,30.1,0
Tirupati,monsoon,1282.3,327.9,27.3,116.6,8.8,2.21,80.4,84.9,24.6,0
Kurnool,pre_monsoon,717.0,351.6,45.9,284.8,8.9,2.68,46.7,57.6,21.2,0
Rajahmundry,pre_monsoon,903.5,747.4,43.8,258.0,7.6,4.6,58.7,66.6,35.4,0
Nellore,pre_monsoon,883.0,521.8,112.9,381.6,9.8,4.94,61.4,68.8,30.8,1
Kadapa,post_monsoon,1263.7,546.0,63.6,244.6,10.2,5.14,81.0,41.5,27.5,0
Kadapa,post_monsoon,992.5,920.8,15.2,8.8,9.2,5.93,66.1,37.6,26.7,0
Vijayawada,monsoon,1095.6,395.3,16.3,104.0,5.9,4.58,70.6,35.4,35.6,0
Kadapa,monsoon,1408.9,613.7,69.9,155.1,8.4,5.13,48.7,50.3,31.7,0
Kurnool,monsoon,1334.8,838.2,43.5,227.2,8.4,3.71,99.0,68.3,34.2,0
Anantapur,monsoon,996.6,800.4,139.0,748.1,5.2,4.32,73.1,43.9,26.4,1
Visakhapatnam,monsoon,828.9,548.5,138.8,455.5,3.4,4.4,80.0,66.6,29.2,1
Kadapa,monsoon,1424.6,514.9,21.2,140.5,2.3,4.61,63.3,10.0,30.8,0
Vijayawada,pre_monsoon,1305.4,137.9,52.9,228.2,7.4,5.67,61.6,47.7,26.5,0
Kadapa,winter,519.9,315.4,16.5,91.3,7.9,5.25,99.0,77.2,28.6,0
Kurnool,post_monsoon,946.7,672.8,69.1,323.6,4.4,4.28,41.3,51.8,26.4,0
Tirupati,monsoon,1104.6,554.2,123.2,260.9,9.7,2.66,76.5,39.2,30.8,0
Nellore,post_monsoon,1307.0,609.5,48.0,280.5,7.6,4.33,52.6,42.5,23.1,0
Rajahmundry,pre_monsoon,1350.3,860.2,31.8,23.7,10.4,4.15,65.5,8.0,31.6,0
Kurnool,monsoon,1143.7,281.3,56.7,207.2,8.1,4.57,61.8,35.8,30.4,0
Visakhapatnam,pre_monsoon,1243.1,528.6,78.6,231.0,4.6,8.39,56.2,75.1,28.1,1
Rajahmundry,pre_monsoon,1071.2,639.1,79.0,490.8,8.3,3.2,72.6,43.9,31.0,0
Anantapur,winter,827.6,406.9,32.1,272.8,8.8,5.0,30.9,46.2,27.4,0
Nellore,winter,963.8,962.2,26.4,130.4,5.9,6.23,67.0,10.7,26.0,0
Rajahmundry,post_monsoon,1056.3,826.2,51.0,228.6,3.7,4.39,70.6,24.0,31.4,1
Kadapa,pre_monsoon,1038.6,665.4,33.7,110.0,7.4,8.64,50.3,77.6,31.6,0
Kurnool,monsoon,427.8,1056.5,94.1,287.3,4.8,3.48,96.2,66.7,26.7,1
Anantapur,monsoon,918.8,200.3,33.4,147.0,9.9,4.82,62.5,30.3,26.3,0
Anantapur,monsoon,1068.5,588.0,45.6,202.8,6.2,2.68,68.2,43.0,28.2,0
Nellore,monsoon,957.1,685.2,55.7,226.5,11.3,3.53,62.5,54.4,26.5,0
Rajahmundry,pre_monsoon,968.5,352.2,12.9,79.2,2.1,4.67,70.7,32.3,35.9,0
Kurnool,post_monsoon,1211.0,668.2,28.2,183.8,7.5,5.81,92.9,16.9,30.4,0
Kadapa,monsoon,693.9,302.3,135.2,531.9,10.6,4.81,99.0,52.0,29.1,1
Kadapa,monsoon,512.7,769.5,76.5,231.2,5.1,6.59,83.9,65.9,24.8,1
Vijayawada,monsoon,935.1,865.0,33.0,64.4,6.8,4.02,89.4,66.2,32.3,0
Kurnool,pre_monsoon,1302.2,660.8,69.3,168.2,6.2,3.57,99.0,71.6,26.2,0
Kurnool,post_monsoon,1606.9,108.3,93.1,546.4,5.6,9.34,76.0,25.5,26.1,1
Kurnool,monsoon,1308.1,338.6,37.0,179.3,7.8,4.95,97.1,56.1,32.5,1
Visakhapatnam,winter,565.5,736.8,74.1,412.2,4.1,2.83,84.7,49.9,30.7,1
Kadapa,monsoon,973.3,595.5,67.4,210.0,6.9,2.88,74.3,53.3,17.7,0
Vijayawada,monsoon,1134.7,50.0,16.8,71.4,8.4,2.41,77.6,51.0,28.3,0
Anantapur,monsoon,1108.6,913.1,37.1,197.3,6.7,5.98,42.9,42.5,29.6,0
Vijayawada,monsoon,1228.0,625.5,114.8,544.1,4.8,3.51,76.7,8.0,27.5,1
Rajahmundry,monsoon,747.4,377.0,132.8,322.7,9.7,4.44,47.3,77.1,29.7,1
Tirupati,pre_monsoon,1071.4,848.7,76.9,443.9,9.0,4.08,46.0,61.3,20.9,1
Anantapur,post_monsoon,1188.7,413.8,27.5,93.7,4.7,5.59,75.1,26.8,17.0,0
Visakhapatnam,monsoon,1322.5,411.0,5.1,20.8,4.1,2.59,54.2,64.0,24.6,0
Kurnool,monsoon,784.1,683.2,24.6,238.0,4.9,2.16,71.9,46.5,30.3,0
Vijayawada,winter,936.1,1053.1,14.8,109.9,8.5,4.63,74.2,47.0,17.0,0
Rajahmundry,post_monsoon,300.0,1012.1,120.1,423.8,7.9,5.34,74.9,40.4,25.2,1
Rajahmundry,pre_monsoon,844.9,683.5,8.6,76.5,9.1,4.83,57.5,65.2,20.3,0
Kadapa,winter,876.9,710.2,17.2,85.4,6.4,2.66,86.4,39.8,27.9,0
Visakhapatnam,monsoon,713.5,795.8,50.3,138.2,5.0,5.49,70.6,34.2,37.8,0
Rajahmundry,winter,1104.7,263.2,43.3,228.4,9.4,2.79,79.1,76.5,28.0,0
Kadapa,pre_monsoon,1031.5,757.5,111.2,338.9,5.9,3.21,52.9,51.6,28.5,1
Nellore,monsoon,304.5,399.1,64.7,209.8,7.6,2.41,69.1,52.2,32.8,0
Tirupati,monsoon,1121.1,672.8,39.1,151.5,3.5,6.67,89.6,68.2,29.1,1
Nellore,post_monsoon,743.7,530.9,95.2,402.8,5.8,5.4,87.5,42.3,28.0,1
Vijayawada,pre_monsoon,1210.3,720.3,32.3,98.8,9.6,5.35,59.2,46.1,33.2,0
Kadapa,monsoon,627.0,620.7,117.0,577.5,5.5,6.57,63.3,60.8,31.1,1
Kurnool,monsoon,1059.9,50.0,22.0,101.1,9.2,9.54,56.2,25.7,30.3,0
Vijayawada,monsoon,956.6,636.5,42.2,116.2,1.6,0.95,61.5,59.2,28.4,0
Vijayawada,monsoon,1150.0,757.0,6.0,0.0,5.9,2.8,49.6,40.6,27.4,0
Rajahmundry,monsoon,1091.2,705.9,79.5,474.2,6.8,3.03,69.8,71.3,33.1,1
Vijayawada,post_monsoon,965.8,563.3,48.3,265.0,11.4,2.58,82.1,65.4,27.5,0
Kurnool,monsoon,543.0,1017.0,117.2,422.0,4.4,2.15,59.4,62.9,34.5,1
Anantapur,pre_monsoon,562.5,671.0,36.1,231.2,8.8,3.63,70.6,24.5,24.3,0
Kadapa,monsoon,857.3,703.8,12.7,120.4,9.7,1.89,68.5,53.0,35.5,0
Kurnool,post_monsoon,1047.3,861.6,59.2,168.7,5.5,4.84,88.9,32.6,31.1,0
Rajahmundry,winter,849.3,684.3,28.8,114.3,6.3,4.3,62.2,54.3,24.6,0
Tirupati,monsoon,1256.3,356.5,72.2,233.5,7.5,5.11,62.8,11.0,31.3,0
Kadapa,post_monsoon,957.9,50.0,22.4,151.3,3.6,5.16,58.5,25.7,26.1,0
Anantapur,monsoon,731.5,465.9,104.1,636.2,6.1,5.35,53.8,77.6,29.2,1
Visakhapatnam,post_monsoon,958.2,787.8,45.6,194.0,10.3,3.49,80.5,62.0,26.8,0
Tirupati,monsoon,1124.5,498.2,39.2,167.8,8.5,8.23,69.8,48.3,28.4,0
Nellore,monsoon,1157.2,798.3,99.7,532.5,6.8,4.65,72.9,37.7,33.2,1
Vijayawada,pre_monsoon,1669.9,628.7,80.3,405.6,7.5,0.66,92.4,34.4,31.3,0
Visakhapatnam,post_monsoon,829.3,924.9,25.0,164.3,8.6,2.3,93.3,58.8,23.9,0
Visakhapatnam,monsoon,1025.8,513.2,78.8,347.3,9.1,0.89,45.7,48.5,24.2,0
Kurnool,monsoon,1190.6,711.6,68.5,361.9,5.9,4.23,82.4,84.4,30.2,1
Anantapur,monsoon,1042.3,721.5,40.8,130.7,10.9,3.97,75.6,51.5,30.5,0
Kurnool,monsoon,884.8,980.4,74.7,374.0,10.4,3.31,64.6,56.1,26.0,1
Anantapur,monsoon,538.7,146.3,103.8,485.3,8.8,8.02,77.2,28.6,36.2,1
Visakhapatnam,monsoon,881.4,470.8,41.7,247.0,5.2,5.24,44.4,48.1,32.7,0
Vijayawada,post_monsoon,695.7,810.6,41.8,239.3,4.8,5.58,95.4,58.4,26.2,1
Nellore,monsoon,480.2,991.9,40.2,251.0,6.4,2.43,80.2,47.9,25.7,0
Kurnool,monsoon,787.4,652.4,24.2,125.5,7.3,2.3,58.2,45.8,28.0,0
Tirupati,monsoon,704.5,513.9,41.4,129.8,3.0,4.27,62.6,61.2,27.5,1
Kadapa,monsoon,1242.6,786.9,38.1,314.8,8.4,4.53,44.7,83.8,34.7,1
Kurnool,monsoon,1248.4,815.9,36.5,151.6,10.3,0.67,67.0,57.8,33.4,0
Nellore,winter,751.7,496.5,36.1,275.1,8.6,3.86,64.3,76.7,29.2,0
Kadapa,winter,964.1,675.9,17.1,82.7,5.6,4.23,50.8,66.8,32.1,0
Rajahmundry,monsoon,436.8,896.9,85.5,271.8,5.3,3.79,84.4,75.6,32.7,1
Vijayawada,monsoon,886.9,1081.5,28.2,281.1,7.9,2.65,92.4,43.4,29.3,0
Nellore,monsoon,1181.7,783.1,107.6,557.1,6.8,3.17,71.6,51.1,30.8,1
Tirupati,winter,1322.2,601.5,20.4,94.6,8.3,3.86,67.1,51.1,31.7,0
Anantapur,pre_monsoon,814.7,575.9,123.3,593.5,8.6,4.37,79.0,65.4,31.2,1
Rajahmundry,pre_monsoon,1397.1,734.9,33.5,126.0,9.8,5.35,71.7,70.1,25.5,0
Kadapa,monsoon,549.8,559.9,79.4,420.7,4.5,6.25,54.7,57.4,26.0,1
Tirupati,post_monsoon,638.3,639.3,48.0,159.3,7.7,3.64,61.6,71.7,27.7,0
Rajahmundry,pre_monsoon,1284.2,315.0,15.1,99.7,6.3,3.33,67.3,44.3,25.8,0
Kadapa,monsoon,1601.5,927.2,15.9,55.4,7.0,5.03,76.0,71.8,22.4,0
Kadapa,winter,1212.8,293.6,26.4,98.4,9.3,5.36,72.1,74.3,32.0,0
Nellore,pre_monsoon,1036.7,477.7,32.1,190.8,9.5,3.38,75.4,67.9,30.6,0
Kurnool,pre_monsoon,325.6,615.4,42.6,102.4,10.6,5.7,47.6,57.5,23.0,0
Tirupati,pre_monsoon,382.6,1107.7,55.4,233.2,8.2,6.06,82.6,68.6,27.9,0
Tirupati,monsoon,1092.7,480.1,38.7,83.8,6.9,6.65,72.1,38.0,28.2,0
Vijayawada,post_monsoon,931.8,416.8,53.3,261.4,6.6,7.58,99.0,58.8,29.8,1
Anantapur,pre_monsoon,685.1,446.8,59.4,316.6,3.0,2.55,65.8,60.7,24.1,1
Visakhapatnam,monsoon,1071.6,1021.3,37.5,217.7,10.4,4.23,77.2,29.7,22.9,0
Kurnool,monsoon,1088.0,50.0,67.7,188.0,6.4,4.22,99.0,64.0,31.3,0
Anantapur,post_monsoon,1361.7,329.3,77.9,441.5,8.4,4.01,75.1,31.3,22.1,0
Vijayawada,monsoon,1095.1,1300.1,60.4,287.5,8.8,2.97,70.9,46.9,28.0,1
Anantapur,pre_monsoon,1455.4,743.6,62.8,206.0,4.2,1.38,56.2,55.8,27.5,0
Nellore,monsoon,1052.6,302.4,50.1,304.7,5.0,4.38,96.5,41.1,28.4,0
Kurnool,pre_monsoon,1011.9,579.1,90.4,445.8,10.9,2.74,53.5,56.6,30.1,0
Kadapa,post_monsoon,1401.2,607.5,43.3,143.8,7.9,4.36,78.8,56.3,36.2,0
Vijayawada,monsoon,727.1,810.0,26.7,53.8,5.8,2.69,64.4,39.4,21.8,0
Tirupati,monsoon,1978.8,1068.3,44.3,253.3,6.9,2.11,69.0,65.8,32.9,0
Vijayawada,winter,1173.8,691.0,15.4,92.2,9.8,4.65,49.2,40.5,17.7,0
Kadapa,monsoon,1175.7,449.7,13.8,135.1,9.4,4.49,93.5,98.0,35.3,0
Anantapur,post_monsoon,1223.3,794.6,78.1,365.4,3.7,5.3,67.6,52.9,19.8,1
Visakhapatnam,monsoon,1669.5,408.5,108.7,512.2,11.1,8.35,52.6,32.7,40.0,1
Nellore,monsoon,1311.5,321.3,34.3,170.9,9.5,4.73,92.0,36.3,27.2,0
Nellore,post_monsoon,520.3,132.4,78.6,464.6,6.8,5.12,63.9,76.8,34.8,1
Anantapur,post_monsoon,1513.1,183.1,7.6,2.9,4.3,2.15,77.4,47.2,33.9,0
Visakhapatnam,pre_monsoon,937.5,356.9,60.6,268.9,9.7,1.75,85.5,29.1,27.0,0
Visakhapatnam,monsoon,1085.4,283.8,43.5,132.1,8.3,7.21,79.6,71.2,27.4,0
Kurnool,monsoon,627.8,671.4,120.0,374.0,3.7,2.45,36.9,47.1,25.2,1
Anantapur,monsoon,1223.6,278.2,39.2,154.7,6.6,2.22,83.1,67.4,32.5,0
Kurnool,pre_monsoon,835.0,50.0,19.2,90.5,14.7,4.13,70.4,72.8,27.1,0
Rajahmundry,pre_monsoon,1083.1,318.6,12.1,91.5,7.2,4.03,66.7,60.2,25.3,0
Visakhapatnam,post_monsoon,956.2,467.3,44.2,159.2,5.4,2.49,70.3,98.0,31.4,0
Rajahmundry,post_monsoon,1685.3,432.6,50.1,220.9,4.8,3.62,46.2,22.2,25.0,0
Visakhapatnam,post_monsoon,1704.1,985.1,37.5,107.7,11.5,6.54,75.1,39.5,27.5,0
Nellore,post_monsoon,1065.3,430.5,79.8,473.0,9.2,2.67,50.2,50.1,29.5,0
Vijayawada,monsoon,1071.1,819.0,101.3,600.3,10.6,1.55,67.4,98.0,26.1,1
Rajahmundry,monsoon,926.8,585.1,34.0,110.1,7.8,5.99,74.5,89.2,26.8,0
Tirupati,monsoon,1415.0,579.0,9.1,0.0,10.2,5.14,89.2,79.5,35.9,0
Visakhapatnam,monsoon,941.5,372.8,53.6,283.7,5.2,3.02,58.9,39.9,28.1,0
Tirupati,monsoon,911.0,574.7,91.5,227.6,7.6,1.19,95.2,42.1,27.4,1
Kadapa,pre_monsoon,1372.9,391.1,34.2,172.1,7.9,2.79,87.1,39.3,28.2,0
Visakhapatnam,monsoon,872.4,634.2,62.8,405.5,10.5,4.1,65.1,40.1,31.0,0
Visakhapatnam,pre_monsoon,1037.5,528.6,18.0,91.7,8.0,6.41,54.3,83.4,24.3,0
Tirupati,pre_monsoon,528.2,344.4,52.7,242.8,5.7,2.23,48.9,50.4,30.9,0
Rajahmundry,monsoon,1282.4,847.9,63.5,254.5,7.4,4.04,76.3,52.9,30.2,0
Nellore,monsoon,1690.5,701.0,53.7,285.1,3.2,5.48,60.2,69.7,21.0,1
Kurnool,pre_monsoon,1288.0,473.5,140.0,675.4,1.6,0.5,91.2,23.4,37.1,1
Rajahmundry,monsoon,1532.4,627.8,107.8,500.4,9.2,6.16,61.1,56.0,35.6,1
Kadapa,post_monsoon,770.8,568.2,70.4,489.3,6.3,1.95,57.6,34.2,25.4,0
Nellore,pre_monsoon,1128.0,364.4,86.1,471.5,6.6,4.83,75.7,49.4,23.9,1
Kurnool,winter,738.8,608.3,52.4,296.5,9.2,4.67,61.0,43.9,30.0,0
Anantapur,pre_monsoon,974.8,428.5,42.1,210.2,10.6,6.26,72.1,42.9,22.6,0
Kadapa,monsoon,1304.8,344.3,31.5,137.7,8.5,5.25,87.8,59.3,35.1,0
Visakhapatnam,post_monsoon,1083.6,168.1,17.7,131.4,11.8,0.5,73.9,59.2,26.9,0
Rajahmundry,pre_monsoon,583.8,496.8,111.0,389.5,8.4,2.71,73.9,50.8,36.3,1
Nellore,monsoon,616.0,737.4,143.5,633.1,7.9,4.46,75.3,62.0,25.3,1
Tirupati,winter,594.2,409.4,45.0,276.6,7.8,3.83,44.9,38.5,28.5,0
Vijayawada,monsoon,1212.2,1245.4,45.5,208.0,4.1,5.11,78.3,68.0,34.7,1
Rajahmundry,post_monsoon,1731.1,820.3,65.3,177.5,9.5,5.7,74.6,51.1,27.5,0
Vijayawada,pre_monsoon,1499.6,929.1,39.4,233.3,1.3,5.36,86.3,45.8,30.2,1
Kadapa,pre_monsoon,424.3,796.8,19.6,26.5,5.8,3.79,81.7,39.9,33.9,0
Anantapur,monsoon,1519.0,1071.7,15.0,191.6,7.3,0.69,68.8,50.4,26.5,0
Visakhapatnam,monsoon,1359.0,385.4,140.3,540.5,5.3,3.33,88.5,90.5,23.3,1
Visakhapatnam,post_monsoon,540.1,50.0,10.4,3.3,6.1,4.99,67.3,53.8,22.4,0
Kadapa,post_monsoon,949.9,474.0,55.1,276.5,11.6,2.13,76.0,33.3,31.6,0
Kurnool,winter,1411.5,735.1,11.7,0.0,9.8,5.4,67.0,72.5,30.7,0
Kadapa,pre_monsoon,1231.6,629.4,40.8,172.2,5.6,5.93,79.4,46.0,33.8,1
Kurnool,monsoon,618.0,661.6,33.9,159.9,6.1,4.44,66.0,60.4,27.8,0
Nellore,pre_monsoon,1251.5,933.4,13.5,97.3,4.1,0.5,98.4,43.5,22.6,0
Tirupati,post_monsoon,344.6,689.3,66.8,410.9,8.9,1.77,99.0,79.3,18.4,0
Rajahmundry,monsoon,976.5,797.7,18.5,99.1,6.6,7.78,86.0,43.8,41.9,0
Vijayawada,winter,1425.5,345.7,12.0,88.6,2.5,3.16,96.7,81.6,31.4,0
Vijayawada,post_monsoon,1056.1,305.2,71.7,136.6,7.4,0.5,47.4,35.1,29.6,0
Visakhapatnam,pre_monsoon,885.4,1009.7,34.0,186.2,8.3,6.55,49.3,49.4,30.3,0
Rajahmundry,monsoon,1343.5,616.2,24.5,264.1,9.5,4.23,66.9,81.6,22.6,0
Rajahmundry,monsoon,1371.7,428.0,74.6,276.4,7.0,6.3,72.7,58.2,25.4,1
Kadapa,monsoon,1482.3,428.4,17.7,119.5,6.3,4.73,68.8,98.0,36.8,0
Vijayawada,monsoon,1338.5,421.2,9.3,40.1,12.0,5.07,45.7,49.9,32.0,0
Kadapa,monsoon,1406.9,405.7,97.0,545.8,7.2,4.89,90.4,59.9,25.6,1
Kadapa,post_monsoon,1291.9,256.4,128.1,584.0,8.9,5.53,99.0,91.2,23.5,1
Tirupati,post_monsoon,1137.6,199.9,40.0,174.1,5.9,8.53,92.5,26.2,26.7,0
Vijayawada,monsoon,1079.5,539.3,1.7,63.3,8.9,6.04,89.4,23.9,27.6,0
Vijayawada,winter,971.7,435.8,39.6,205.3,3.7,1.2,75.6,39.9,38.2,0
Rajahmundry,monsoon,649.9,877.9,77.4,306.2,6.1,5.05,58.5,70.5,28.2,1
Tirupati,post_monsoon,734.7,666.2,90.9,235.4,4.3,6.37,73.2,24.4,23.6,1
Vijayawada,pre_monsoon,956.9,659.0,19.4,22.6,5.7,6.49,99.0,66.3,28.7,0
Nellore,monsoon,1129.7,396.8,35.3,239.8,10.2,3.39,66.4,65.0,30.2,0
Kurnool,monsoon,1525.5,558.5,52.2,170.0,5.7,6.41,64.7,93.3,23.2,1
Tirupati,winter,1036.2,683.9,74.5,266.9,8.9,5.96,89.7,74.9,30.8,1
Kurnool,monsoon,1381.1,776.2,69.4,353.7,10.8,9.09,90.8,61.9,34.4,1
Anantapur,monsoon,1406.2,565.6,62.2,147.9,7.1,2.77,58.4,80.8,29.6,0
Kurnool,monsoon,973.6,870.6,90.7,438.7,9.6,3.24,67.8,65.2,25.4,1
Vijayawada,post_monsoon,1246.2,592.1,42.1,145.4,8.5,3.62,64.0,46.3,26.6,0
Vijayawada,monsoon,969.6,796.1,111.7,732.5,7.5,3.27,73.1,33.3,21.5,1
Visakhapatnam,monsoon,1486.3,462.6,28.9,232.9,9.0,2.51,89.7,44.2,28.4,0
Kurnool,pre_monsoon,1259.8,118.7,70.1,202.3,11.6,0.5,59.1,54.2,30.4,0
Nellore,monsoon,657.1,659.8,32.1,71.2,5.7,3.37,89.4,58.3,25.0,0
Tirupati,monsoon,1103.3,778.6,40.4,156.7,4.9,4.9,73.6,14.4,37.7,0
Tirupati,monsoon,1593.9,739.6,45.1,230.3,4.8,3.26,99.0,50.8,32.6,1
Anantapur,post_monsoon,990.2,699.8,30.8,223.6,9.6,7.88,77.1,55.5,20.9,1
Visakhapatnam,pre_monsoon,1197.7,499.4,93.3,415.1,9.9,4.23,70.4,65.4,21.0,1
Nellore,post_monsoon,1230.1,380.2,33.3,258.1,5.9,6.65,81.2,85.9,24.6,1
Visakhapatnam,winter,707.9,733.4,43.5,135.3,2.1,4.7,66.6,58.5,36.1,1
Rajahmundry,pre_monsoon,1218.5,700.9,64.8,288.4,5.6,5.77,43.3,37.7,33.0,0
Kadapa,monsoon,590.0,444.2,178.8,460.9,8.5,4.73,68.2,20.5,36.3,1
Tirupati,winter,843.5,878.5,66.4,369.2,7.0,6.8,67.9,68.1,29.0,1
Anantapur,winter,1405.0,360.5,46.2,203.9,7.6,4.31,46.5,38.5,28.1,0
Kadapa,winter,1167.7,438.3,7.8,31.2,5.9,5.14,70.8,71.5,23.4,0
Visakhapatnam,monsoon,949.5,1015.5,39.6,248.3,9.6,4.9,38.9,81.6,30.6,0
Visakhapatnam,monsoon,1197.3,815.8,26.8,88.9,8.0,3.65,66.4,25.7,28.1,0
Tirupati,winter,1030.2,496.9,34.9,192.1,8.6,4.97,75.9,65.5,27.9,0
Kurnool,monsoon,1054.2,664.7,31.6,67.0,7.6,8.45,73.6,79.6,36.3,0
Nellore,monsoon,1266.8,630.2,64.4,357.7,8.5,3.69,65.4,74.4,28.4,1
Vijayawada,pre_monsoon,810.0,50.0,39.0,225.8,8.3,5.0,70.6,15.2,35.0,0
Kadapa,pre_monsoon,1063.3,354.3,22.0,105.2,5.0,6.59,59.5,38.8,21.9,0
Vijayawada,post_monsoon,947.0,576.8,79.5,364.9,8.1,6.37,72.2,30.7,41.1,1
Vijayawada,monsoon,526.8,497.3,16.2,43.7,9.1,4.22,72.9,64.9,27.3,0
Vijayawada,monsoon,746.2,654.2,44.7,140.4,10.0,0.5,57.6,62.9,32.2,0
Anantapur,monsoon,1567.5,883.7,39.9,273.0,8.2,5.18,76.3,8.0,32.9,0
Tirupati,winter,1177.0,506.4,56.2,329.8,4.9,0.5,76.2,49.3,26.8,0
Kadapa,monsoon,613.2,315.0,91.3,285.2,5.3,6.99,69.3,70.2,32.7,1
Nellore,monsoon,541.7,674.5,195.8,550.0,6.2,4.52,99.0,57.8,32.9,1
Rajahmundry,pre_monsoon,1013.0,505.1,46.2,285.9,7.7,6.1,69.7,57.8,25.8,1
Kurnool,monsoon,1565.2,549.4,26.4,76.2,6.9,2.49,67.5,48.1,25.8,0
Kurnool,monsoon,988.4,514.1,24.5,116.3,4.5,1.25,65.2,34.9,29.2,0
Rajahmundry,monsoon,1481.3,1172.9,24.4,39.2,4.5,4.7,56.5,54.7,28.5,0
Kadapa,monsoon,1166.1,50.0,54.8,156.6,2.2,4.14,83.0,56.0,35.3,0
Tirupati,monsoon,1205.5,489.0,6.1,0.0,0.4,3.27,61.0,66.7,32.2,0
Kadapa,pre_monsoon,609.2,589.0,15.3,74.7,6.9,4.36,62.9,68.2,28.7,0
Kurnool,pre_monsoon,1359.4,386.9,54.8,123.2,12.8,9.46,63.4,56.6,31.7,0
Kurnool,monsoon,939.5,824.0,82.1,344.6,11.5,5.79,56.2,75.8,19.8,1
Visakhapatnam,winter,1334.8,801.4,82.4,499.9,4.9,6.19,44.0,47.9,26.2,1
Kurnool,winter,781.3,577.6,47.7,222.4,7.6,5.8,64.6,27.6,30.3,0
Kurnool,pre_monsoon,1108.4,519.6,75.4,422.0,3.7,7.01,86.0,64.1,34.0,1
Nellore,pre_monsoon,1166.2,560.9,92.3,551.6,4.1,3.84,75.2,57.4,29.9,1
Kadapa,monsoon,999.2,562.8,32.9,193.2,4.3,0.5,97.0,64.4,35.6,0
Anantapur,monsoon,1183.5,569.6,86.4,380.9,6.7,3.84,84.0,31.0,32.9,0
Kurnool,post_monsoon,962.1,541.1,11.1,61.7,6.8,5.74,80.4,89.0,26.8,0
Visakhapatnam,pre_monsoon,835.8,655.6,15.0,104.3,7.8,2.36,99.0,68.5,28.4,0
Visakhapatnam,monsoon,1579.8,785.8,34.4,176.2,8.8,3.86,70.4,49.5,30.8,0
Visakhapatnam,monsoon,1396.2,270.1,9.8,34.7,6.4,2.89,73.0,37.2,27.0,0
Kadapa,monsoon,798.9,316.8,65.1,372.6,7.3,7.05,71.8,75.5,35.9,1
Vijayawada,post_monsoon,1237.6,135.4,29.4,220.0,4.6,5.62,96.7,34.1,24.0,0
Kadapa,post_monsoon,804.9,815.3,40.2,85.8,4.0,5.44,72.0,98.0,30.4,1
Rajahmundry,post_monsoon,659.1,655.1,41.2,214.1,3.6,5.38,61.6,43.3,32.3,0
Visakhapatnam,pre_monsoon,1391.2,721.4,33.8,119.8,8.8,4.13,81.4,87.7,27.6,0
Tirupati,pre_monsoon,487.6,218.3,24.3,132.5,6.4,4.58,58.9,51.5,26.6,0
Visakhapatnam,monsoon,1355.9,1054.1,63.0,414.5,2.7,1.95,80.5,85.0,28.7,1
Anantapur,pre_monsoon,966.6,431.7,28.9,240.8,7.0,0.5,78.6,41.0,32.7,0
Anantapur,monsoon,980.2,633.7,40.8,158.5,4.2,4.49,69.0,55.4,26.8,0
Tirupati,monsoon,1185.2,812.1,56.6,206.4,11.2,4.82,81.1,70.3,24.2,1
Visakhapatnam,monsoon,1241.8,333.4,91.9,550.4,5.8,6.5,48.2,67.6,34.2,1
Anantapur,monsoon,777.3,448.0,87.2,325.7,8.8,7.19,74.6,75.9,30.8,1
Vijayawada,monsoon,1286.8,636.6,30.9,169.8,9.8,7.18,64.6,45.7,33.5,0
Visakhapatnam,winter,1087.4,1332.9,23.3,131.4,4.9,2.3,99.0,56.6,32.4,0
Tirupati,winter,635.5,668.3,104.0,366.5,7.4,3.53,74.5,78.7,38.8,1
Rajahmundry,monsoon,993.9,1007.7,28.8,198.6,8.5,5.11,62.5,41.6,34.0,0
Tirupati,monsoon,1505.8,903.5,61.3,331.4,7.5,9.01,49.9,65.9,25.7,1
Kadapa,pre_monsoon,1603.3,685.7,9.3,124.5,8.1,7.01,92.9,50.8,31.1,0
Visakhapatnam,monsoon,1286.7,332.8,5.9,67.9,4.0,6.33,66.4,58.9,26.5,0
Visakhapatnam,monsoon,657.2,865.5,46.1,160.3,8.5,3.46,59.3,56.6,27.0,0
Nellore,monsoon,1211.9,200.5,37.0,100.4,6.0,2.52,77.4,40.0,22.6,0
Visakhapatnam,monsoon,1330.8,1006.2,72.0,154.3,8.0,5.7,82.4,50.0,27.7,0
Nellore,monsoon,1289.5,642.0,24.5,86.0,9.4,2.11,82.1,57.8,31.5,0
Anantapur,pre_monsoon,1309.0,50.0,53.7,202.1,8.8,3.75,72.3,53.0,28.7,0
Anantapur,monsoon,1169.9,501.5,69.5,313.2,8.0,3.98,74.5,84.9,24.1,1
Vijayawada,pre_monsoon,1026.1,760.0,25.3,161.0,8.7,7.23,75.7,74.2,22.1,1
Rajahmundry,monsoon,849.2,528.4,34.4,83.3,8.9,3.53,77.4,60.5,38.5,0
Kurnool,monsoon,423.7,775.9,17.6,59.4,10.8,0.5,78.8,40.5,30.5,0
Vijayawada,winter,1162.1,369.0,73.8,392.6,7.1,5.16,89.5,39.3,25.3,0
Nellore,winter,1111.4,250.4,63.5,290.2,7.6,2.87,72.9,92.5,31.1,0
Nellore,pre_monsoon,1234.0,571.4,66.7,233.3,9.4,4.28,58.9,35.8,38.9,0
Vijayawada,post_monsoon,608.6,598.2,36.8,197.3,6.0,4.04,69.7,57.2,31.8,0
Nellore,monsoon,1262.9,499.4,62.8,343.0,4.0,3.68,84.1,61.9,17.0,1
Tirupati,pre_monsoon,1728.0,909.1,39.3,189.5,8.4,5.7,43.4,49.1,40.9,0
Vijayawada,post_monsoon,1075.9,368.9,115.3,549.5,6.7,1.29,43.5,36.0,20.7,1
Rajahmundry,monsoon,1029.7,671.4,43.6,82.2,4.3,3.22,86.7,40.1,28.1,0
Rajahmundry,monsoon,1152.0,607.7,84.0,425.2,8.4,5.5,96.3,44.6,23.9,1
Tirupati,post_monsoon,1720.7,185.3,37.0,205.3,10.6,3.03,51.8,41.5,25.7,0
Rajahmundry,winter,712.2,247.1,100.2,196.2,3.3,1.14,73.6,80.2,30.3,1
Anantapur,pre_monsoon,1117.1,593.1,23.3,173.8,9.7,5.47,65.6,54.8,19.7,0
Rajahmundry,monsoon,786.1,1105.1,58.4,298.9,1.1,6.33,67.8,45.0,28.6,1
Nellore,pre_monsoon,869.5,740.6,27.0,202.1,6.2,4.11,76.9,57.0,34.2,0
Nellore,monsoon,1033.6,141.3,52.1,218.9,11.6,0.5,51.3,67.7,25.2,0
Vijayawada,pre_monsoon,1494.6,50.0,28.9,139.2,6.4,5.54,54.3,48.5,22.7,0
Anantapur,winter,1644.3,780.6,43.4,231.0,7.4,1.05,67.2,72.1,28.4,0
Vijayawada,pre_monsoon,1197.9,565.0,32.1,75.5,9.0,4.79,69.7,30.8,27.5,0
Rajahmundry,monsoon,925.7,886.7,67.9,214.1,3.1,2.51,54.0,77.3,26.3,1
Visakhapatnam,pre_monsoon,1872.6,361.0,60.0,395.8,7.4,2.0,84.6,54.8,23.7,0
Kadapa,pre_monsoon,908.9,681.1,26.3,150.6,7.4,3.36,65.3,54.1,31.3,0
Anantapur,post_monsoon,861.5,810.0,25.7,107.9,11.7,3.85,65.3,41.8,31.7,0
Kadapa,pre_monsoon,464.3,473.7,21.7,92.5,4.2,2.98,76.5,31.7,24.2,0
Visakhapatnam,monsoon,1510.7,479.2,18.3,194.0,6.3,5.32,69.9,23.3,24.8,0
Nellore,winter,1369.5,596.6,70.9,225.3,5.0,3.35,85.4,40.5,29.6,0
Visakhapatnam,monsoon,1847.9,731.1,20.7,67.6,4.7,6.06,57.1,66.2,24.7,0
Rajahmundry,pre_monsoon,591.5,586.3,55.1,100.0,9.9,4.73,49.6,36.7,29.8,0
Nellore,monsoon,1531.2,843.2,30.1,174.5,7.3,2.87,67.0,25.6,35.6,0
Tirupati,pre_monsoon,1073.1,469.9,82.4,425.5,5.9,2.55,73.0,37.7,28.7,0
Kadapa,post_monsoon,1316.0,244.6,133.1,373.2,6.0,1.07,52.1,47.7,23.5,1
Visakhapatnam,post_monsoon,506.2,1104.0,1.6,43.8,5.8,4.75,49.8,48.4,30.8,0
Nellore,winter,1534.5,432.8,23.0,178.1,6.1,3.53,74.9,52.6,28.2,0
Anantapur,winter,1309.6,442.2,29.7,190.2,4.2,0.5,59.9,74.6,28.3,0
Vijayawada,winter,1037.2,572.9,37.8,256.5,6.6,3.18,48.8,78.7,31.1,0
Visakhapatnam,monsoon,1262.9,607.5,36.1,175.3,6.3,2.49,87.4,93.1,32.1,0
Tirupati,winter,797.4,489.5,14.8,174.9,5.4,7.19,61.9,24.1,29.2,0
Tirupati,post_monsoon,858.8,585.5,134.8,763.9,7.6,0.96,90.4,38.7,28.7,1
Visakhapatnam,monsoon,897.1,579.7,37.1,131.9,7.8,1.46,72.5,68.3,38.3,0
Anantapur,monsoon,438.6,635.5,59.8,228.0,5.9,6.31,76.7,46.4,34.4,1
Kurnool,monsoon,1334.4,50.0,61.1,345.9,6.9,6.78,68.6,71.4,32.8,1
Rajahmundry,post_monsoon,1443.2,1079.0,11.9,144.7,12.4,2.78,29.5,58.9,29.6,0
Vijayawada,winter,818.6,551.7,33.5,165.8,12.3,3.0,53.8,85.0,24.5,0
Anantapur,monsoon,1164.9,741.0,70.9,343.8,4.7,5.37,70.0,74.8,34.1,1
Kurnool,pre_monsoon,962.4,231.7,104.3,620.9,5.0,0.5,77.8,75.2,29.6,1
Vijayawada,post_monsoon,1158.3,467.5,34.0,165.2,4.7,0.66,43.4,47.2,26.4,0
Tirupati,monsoon,842.9,415.2,14.1,45.7,9.7,3.67,71.1,53.1,27.9,0
Anantapur,monsoon,758.5,972.1,27.8,156.9,6.2,7.14,54.0,49.2,24.7,1
Tirupati,pre_monsoon,1397.2,437.7,33.0,139.1,7.8,3.37,75.8,26.4,33.8,0
Visakhapatnam,post_monsoon,1028.9,787.1,32.0,109.2,12.0,4.39,71.7,83.0,32.1,0
Kadapa,monsoon,1717.3,420.9,21.7,132.0,7.2,6.35,83.9,69.2,29.8,1
Vijayawada,monsoon,1065.3,472.3,12.7,86.8,8.9,8.2,89.1,48.4,28.8,0
Kadapa,post_monsoon,744.4,526.2,17.5,96.5,8.4,3.1,79.3,79.8,25.9,0
Tirupati,monsoon,1454.9,923.8,28.0,160.1,5.8,4.17,85.8,43.0,19.4,0
Anantapur,monsoon,1258.2,98.6,70.2,154.7,9.7,7.66,66.4,20.1,22.6,0
Kurnool,monsoon,1289.9,247.9,88.3,395.4,5.2,1.31,99.0,74.1,25.7,1
Tirupati,winter,1442.9,83.7,46.9,185.3,10.4,6.15,52.5,30.7,25.0,0
Anantapur,pre_monsoon,834.6,307.2,17.9,173.8,5.8,2.27,63.6,51.3,30.3,0
Tirupati,pre_monsoon,1008.0,379.0,29.3,233.6,6.1,4.39,86.4,58.9,32.7,0
Kurnool,winter,993.4,170.2,6.2,124.6,4.6,3.74,84.0,62.3,28.4,0
Tirupati,post_monsoon,624.1,399.1,105.6,378.5,5.0,2.38,79.8,71.1,35.3,1
Kadapa,monsoon,963.0,66.2,25.9,117.6,6.2,2.33,82.8,66.0,25.5,0
Anantapur,monsoon,1491.0,325.3,56.5,251.1,1.4,4.73,38.7,65.4,28.4,1
Vijayawada,monsoon,1128.3,902.1,84.3,417.0,6.6,6.09,97.4,40.0,28.8,1
Kadapa,monsoon,605.8,694.9,124.4,362.5,6.0,3.95,68.7,60.6,33.9,1
Kadapa,monsoon,536.6,638.7,75.3,290.7,9.1,4.33,91.9,26.4,29.5,0
Vijayawada,post_monsoon,1599.4,329.3,31.9,124.9,8.2,5.29,39.5,84.7,29.6,0
Visakhapatnam,post_monsoon,1020.2,190.6,61.7,255.8,5.5,2.35,76.1,28.4,21.6,0
Nellore,monsoon,836.4,293.8,121.5,705.0,6.1,5.61,63.0,48.4,25.0,1
Tirupati,pre_monsoon,959.6,578.8,25.7,163.2,6.6,5.76,81.2,29.9,33.9,0
Nellore,monsoon,562.5,815.7,12.1,39.2,10.8,9.15,77.1,41.1,19.7,0
Visakhapatnam,monsoon,1519.6,824.6,21.8,129.2,5.2,3.49,77.9,55.3,35.0,0
Kadapa,monsoon,920.3,754.0,59.0,233.4,5.5,3.33,55.1,45.0,31.2,0
Visakhapatnam,monsoon,1501.2,398.2,32.5,71.6,4.5,5.66,71.1,76.7,25.6,1
Kadapa,monsoon,1067.0,596.4,40.6,132.0,3.6,5.76,69.1,59.3,25.3,1
Kadapa,pre_monsoon,1521.7,506.5,65.7,346.6,7.9,3.18,79.9,46.2,37.5,0
Kurnool,monsoon,1134.7,537.7,21.4,49.8,7.7,3.43,87.8,52.5,35.4,0
Rajahmundry,monsoon,1331.6,1119.7,39.2,177.5,10.3,5.23,74.4,78.2,28.5,0
Anantapur,winter,1287.3,131.9,28.9,195.3,9.7,2.63,51.6,72.3,29.6,0
Tirupati,pre_monsoon,1255.7,529.0,118.4,779.4,13.0,3.42,73.7,33.4,26.1,1
Kurnool,monsoon,1164.8,905.1,73.8,467.9,7.0,4.37,99.0,42.1,29.6,1
Kurnool,monsoon,973.2,208.9,32.7,141.4,6.6,6.09,98.3,64.0,26.0,0
Tirupati,pre_monsoon,1682.1,422.6,31.3,275.1,4.1,3.05,25.0,61.7,28.6,0
Tirupati,monsoon,750.7,452.4,127.0,398.5,8.9,0.7,73.0,35.0,37.1,1
Vijayawada,monsoon,1051.4,531.9,120.5,562.0,7.5,0.56,86.9,69.2,28.6,1
Vijayawada,pre_monsoon,1054.9,175.1,58.7,320.2,8.8,1.81,69.1,38.1,24.3,0
Vijayawada,monsoon,1182.8,744.8,42.0,241.8,4.5,1.7,64.6,79.8,22.9,0
Tirupati,post_monsoon,908.3,763.2,15.0,124.5,8.0,3.91,67.7,65.1,29.6,0
Kurnool,monsoon,1153.9,722.2,22.0,105.7,7.7,1.94,80.8,33.5,25.6,0
Tirupati,monsoon,994.3,363.7,14.0,120.1,7.5,2.86,53.6,44.9,30.1,0
Nellore,winter,528.0,612.5,86.5,253.9,5.6,2.73,91.0,44.6,21.7,0
Nellore,post_monsoon,1053.2,356.1,15.2,49.1,10.1,3.36,71.1,58.0,32.1,0
Anantapur,monsoon,686.8,503.5,31.0,156.1,12.1,6.71,57.0,51.1,24.2,0
Tirupati,post_monsoon,477.7,1149.9,7.6,84.3,4.5,5.46,90.0,33.2,29.2,0
Anantapur,monsoon,1095.2,614.9,11.0,49.6,8.9,4.23,47.3,28.5,27.5,0
Visakhapatnam,winter,1211.0,281.2,67.8,408.0,0.4,3.32,63.1,65.4,36.7,1
Kadapa,winter,1223.8,636.9,52.7,305.1,8.8,3.38,62.9,60.4,29.8,0
Visakhapatnam,monsoon,1237.2,238.5,43.1,192.2,2.7,4.82,99.0,57.0,37.8,1
Tirupati,monsoon,412.2,278.3,31.5,117.9,5.9,5.31,61.0,60.1,31.5,0
Nellore,winter,600.9,319.3,9.7,5.8,4.0,2.48,37.5,43.2,35.4,0
Vijayawada,monsoon,1701.3,474.5,28.3,182.2,6.7,4.27,62.7,58.5,28.1,0
Tirupati,post_monsoon,704.4,833.6,37.5,274.5,9.2,0.5,79.3,98.0,30.6,0
Vijayawada,monsoon,1251.6,740.4,64.7,251.9,2.7,4.6,84.5,77.3,34.5,1
Kadapa,monsoon,823.3,726.0,83.4,417.9,6.3,5.65,99.0,49.5,33.1,1
Visakhapatnam,winter,1076.3,304.3,69.2,258.1,6.0,3.67,94.5,45.1,31.4,0
Kurnool,monsoon,841.0,449.3,52.5,178.9,11.0,7.65,75.0,8.0,27.5,0
Visakhapatnam,pre_monsoon,1235.3,660.7,42.6,188.6,8.2,2.53,57.7,75.3,28.3,0
Kurnool,post_monsoon,1095.1,426.6,49.0,286.2,4.4,4.61,98.0,69.9,34.1,0
Anantapur,monsoon,902.1,517.6,26.9,113.7,6.1,4.13,66.1,44.7,35.1,0
Kurnool,monsoon,703.4,704.8,45.2,123.3,10.9,4.01,61.5,27.8,26.3,0
Nellore,pre_monsoon,1138.4,499.3,37.3,115.6,8.9,3.98,65.3,33.0,25.7,0
Anantapur,pre_monsoon,649.8,648.8,159.6,850.0,5.0,4.4,52.0,63.4,24.9,1
Anantapur,monsoon,1191.1,1004.1,49.8,191.0,6.6,5.81,64.6,53.3,32.7,0
Nellore,monsoon,1916.7,545.3,5.7,0.0,6.6,6.82,68.3,68.1,24.8,0
Kadapa,monsoon,1495.6,896.6,30.2,150.0,5.9,4.2,83.7,56.6,32.7,0
Visakhapatnam,post_monsoon,1287.1,735.4,34.4,32.8,3.1,5.75,65.8,73.4,31.5,1
Vijayawada,post_monsoon,1021.7,208.5,75.4,203.8,5.6,2.87,51.7,62.0,26.5,0
Anantapur,post_monsoon,410.2,303.4,54.3,252.5,10.5,5.66,46.3,70.7,36.0,0
Anantapur,pre_monsoon,613.6,373.3,52.4,272.5,6.3,2.75,75.4,15.3,22.4,0
Rajahmundry,monsoon,1473.3,367.7,98.2,354.7,7.0,6.27,73.2,31.5,36.5,1
Anantapur,post_monsoon,789.4,566.5,120.8,458.2,7.5,8.4,63.1,48.1,30.4,1
Kadapa,monsoon,819.2,749.8,67.7,398.5,12.5,3.97,64.5,75.5,19.7,1
Visakhapatnam,winter,995.3,916.3,32.0,122.2,7.2,0.5,78.2,90.7,36.2,0
Visakhapatnam,monsoon,699.5,670.1,32.7,133.9,9.8,3.16,94.2,51.9,33.4,0
Anantapur,monsoon,645.2,474.1,90.3,208.8,5.8,6.54,59.5,43.4,27.1,1
Rajahmundry,monsoon,1033.3,50.0,32.6,147.6,6.6,5.25,73.4,17.9,24.7,0
Visakhapatnam,post_monsoon,755.8,608.4,40.5,165.8,7.2,4.67,87.3,71.4,21.9,0
Rajahmundry,monsoon,805.5,596.7,29.7,250.7,5.3,6.12,59.6,44.5,39.9,0
Tirupati,monsoon,792.2,637.6,17.6,54.9,6.7,5.12,71.7,98.0,24.8,0
Rajahmundry,monsoon,1222.4,1137.6,151.9,844.2,9.3,6.51,71.4,41.0,23.3,1
Rajahmundry,monsoon,973.4,912.6,40.7,251.1,5.3,5.95,51.0,95.0,30.2,1
Vijayawada,winter,991.1,794.1,107.3,249.7,7.2,7.09,74.7,69.2,21.6,1
Kadapa,monsoon,1247.0,339.9,33.0,128.6,8.9,4.88,72.5,35.5,24.6,0
Vijayawada,post_monsoon,1003.1,456.6,25.9,117.1,5.2,5.92,80.9,59.4,33.5,0
Kurnool,pre_monsoon,958.2,565.3,63.9,192.1,9.8,3.62,53.0,69.7,31.1,0
Kadapa,pre_monsoon,1205.2,388.4,83.2,355.6,7.4,3.06,72.2,50.7,27.3,0
Tirupati,post_monsoon,1270.5,720.1,86.7,189.5,6.8,7.44,94.1,70.9,29.1,1
Nellore,winter,1001.5,682.8,37.1,204.3,2.4,4.61,99.0,70.5,27.0,0
Anantapur,monsoon,1076.6,307.0,68.4,220.8,6.3,5.73,92.5,66.3,28.7,0
Nellore,monsoon,792.0,901.2,28.1,204.8,8.1,4.44,53.2,54.7,25.6,0
Vijayawada,monsoon,766.0,616.6,44.8,193.5,11.4,3.09,79.2,32.7,26.4,0
Anantapur,pre_monsoon,1303.8,140.4,34.5,158.9,8.6,4.22,64.3,53.5,26.3,0
Vijayawada,monsoon,1196.8,576.7,30.7,230.7,9.9,6.93,76.5,58.3,25.7,1
Tirupati,monsoon,1200.2,663.1,46.1,334.1,4.3,5.25,59.6,19.4,33.7,1
Kadapa,monsoon,1142.7,842.9,17.2,12.5,6.9,0.95,44.6,58.2,32.5,0
Kadapa,winter,1065.2,502.3,78.8,225.1,10.1,3.79,66.5,53.2,24.8,0
Rajahmundry,monsoon,1279.8,805.3,30.8,158.7,5.1,7.59,83.6,30.4,23.6,1
Visakhapatnam,monsoon,1358.6,638.7,76.4,253.2,9.5,3.79,76.6,48.7,28.3,1
Tirupati,pre_monsoon,1350.7,248.1,20.4,176.5,9.0,0.78,78.4,49.1,38.7,0
Nellore,pre_monsoon,1016.7,222.1,30.7,102.5,7.9,7.8,75.5,91.7,24.4,0
Vijayawada,pre_monsoon,1507.7,881.9,17.2,7.7,6.4,5.5,78.5,59.2,28.3,0
Nellore,monsoon,1125.4,901.0,16.6,151.7,4.8,4.07,80.5,74.7,29.4,0
Anantapur,winter,1258.7,674.0,22.7,79.4,11.5,3.49,67.6,52.8,28.5,0
Kadapa,post_monsoon,1143.1,978.9,20.7,38.5,8.7,6.26,73.3,19.4,26.9,0
Kurnool,monsoon,1131.5,864.7,17.3,83.9,8.0,3.17,99.0,67.8,34.2,0
Anantapur,monsoon,807.2,767.7,42.7,299.7,6.2,6.38,74.3,42.5,31.0,1
Visakhapatnam,post_monsoon,1281.4,353.1,63.1,253.6,7.3,5.23,72.7,48.6,32.8,0
Kadapa,winter,1988.9,1040.2,65.3,272.8,7.6,4.66,73.6,35.0,31.7,0
Nellore,monsoon,926.3,729.4,9.0,37.2,8.2,4.48,68.5,56.4,33.0,0
Kurnool,post_monsoon,1073.4,489.7,34.3,129.2,9.0,3.87,65.0,75.2,36.1,0
Rajahmundry,monsoon,902.8,416.2,31.9,129.2,5.3,6.19,75.3,72.7,35.0,0
Visakhapatnam,monsoon,889.0,656.8,99.4,444.2,3.7,2.56,63.9,85.1,39.5,1
Kadapa,monsoon,1559.7,155.5,35.3,152.2,7.4,1.12,69.7,87.8,34.5,0
Anantapur,winter,827.9,771.9,40.2,151.5,3.0,5.37,59.4,16.1,26.0,0
Kurnool,monsoon,893.6,342.1,12.4,226.3,6.4,5.4,73.7,32.3,32.8,0
Kurnool,post_monsoon,526.1,686.4,22.3,121.3,6.0,5.11,81.3,20.6,32.2,0
Nellore,post_monsoon,800.0,454.4,11.7,59.8,8.4,4.97,68.6,67.0,37.6,0
Tirupati,winter,486.2,521.3,44.6,287.2,12.0,3.59,39.9,41.8,24.6,0
Kurnool,monsoon,1258.5,393.2,101.4,474.7,2.5,5.7,81.4,45.7,31.5,1
Anantapur,pre_monsoon,1973.9,548.1,22.9,198.3,12.7,4.11,73.9,50.9,25.9,0
Tirupati,post_monsoon,929.0,1081.2,35.5,161.1,6.6,3.27,56.1,62.3,31.3,0
Kurnool,winter,500.0,950.1,20.8,96.8,8.0,3.61,84.4,26.8,28.0,0
Kurnool,post_monsoon,1347.0,682.2,26.4,26.4,3.8,8.04,49.6,31.1,31.2,1
Nellore,post_monsoon,810.1,583.4,45.3,211.4,9.6,0.9,88.7,55.0,22.7,0
Anantapur,winter,1478.8,809.5,132.3,307.4,7.3,5.15,71.1,77.8,32.6,1
Visakhapatnam,winter,956.9,883.8,98.2,337.9,7.1,1.01,35.7,54.5,29.9,1
Nellore,post_monsoon,841.5,374.2,116.9,352.1,2.6,3.99,74.9,40.0,29.7,1
Rajahmundry,pre_monsoon,991.3,569.9,76.8,377.9,7.4,3.38,65.5,14.2,37.8,0
Kadapa,monsoon,1300.1,116.3,35.2,106.9,9.2,0.5,63.1,73.1,27.3,0
Nellore,post_monsoon,975.0,882.0,31.7,198.5,6.6,4.94,60.2,41.0,30.5,0
Rajahmundry,monsoon,886.1,1126.9,23.0,170.2,10.0,3.48,70.0,33.2,29.5,0
Nellore,monsoon,984.4,610.8,3.2,75.0,9.9,0.5,64.2,22.4,29.9,0
Kurnool,monsoon,630.3,50.0,34.8,103.5,5.7,5.8,42.3,27.7,39.0,0
Rajahmundry,winter,1181.0,748.3,102.3,618.2,11.0,6.93,92.4,36.7,29.3,1
Tirupati,post_monsoon,460.4,354.9,101.6,572.0,7.3,7.03,68.1,50.5,26.4,1
Kadapa,pre_monsoon,903.4,417.5,163.5,782.0,7.3,4.88,60.3,32.0,37.4,1
Anantapur,pre_monsoon,1300.6,752.9,47.7,235.3,7.4,4.29,53.9,58.5,27.6,0
Visakhapatnam,pre_monsoon,1150.0,656.2,15.0,93.8,7.4,6.72,84.3,50.3,21.8,0
Tirupati,post_monsoon,1244.8,463.1,60.3,418.2,0.9,7.4,51.2,97.2,25.7,1
Kurnool,winter,1028.5,421.1,133.2,497.6,6.8,6.35,74.1,22.6,23.4,1
Nellore,post_monsoon,1436.0,622.7,110.9,557.0,3.9,2.41,62.7,58.1,20.9,1
Kadapa,monsoon,1355.2,483.5,29.0,215.3,11.1,4.58,63.6,58.3,27.4,0
Kurnool,post_monsoon,1197.2,301.6,16.3,120.0,11.0,5.04,54.3,35.4,28.7,0
Kadapa,post_monsoon,1356.1,503.5,15.9,38.2,9.2,0.76,62.1,56.8,34.3,0
Anantapur,post_monsoon,1297.6,678.3,24.2,141.6,6.6,5.09,72.1,69.6,31.8,0
Rajahmundry,post_monsoon,905.0,543.7,27.2,62.2,4.8,8.52,75.8,56.8,31.6,0
Visakhapatnam,winter,606.5,222.5,33.3,149.4,5.6,5.42,59.4,81.3,25.0,0
Visakhapatnam,monsoon,1188.7,847.2,65.7,226.7,11.9,7.0,70.5,13.6,33.0,1
Kurnool,monsoon,1230.2,50.0,32.4,169.6,5.5,4.55,86.2,39.0,35.3,0
Kurnool,monsoon,1409.9,473.9,43.4,328.9,1.5,4.06,45.4,83.0,30.8,0
Anantapur,post_monsoon,741.0,428.7,10.9,45.8,9.7,4.92,71.9,72.3,30.9,0
Kadapa,post_monsoon,750.9,628.5,23.0,166.4,10.8,2.65,56.8,65.3,23.3,0
Kurnool,monsoon,1201.8,736.0,22.2,88.5,11.2,2.37,55.2,78.4,33.7,0
Anantapur,monsoon,1026.5,883.0,9.2,85.5,9.7,6.61,76.2,18.6,37.0,0
Vijayawada,monsoon,427.7,404.8,31.8,124.7,10.1,6.81,63.3,70.1,30.5,0
Anantapur,monsoon,1173.8,742.5,11.0,98.5,7.3,2.32,52.5,75.2,26.3,0
Tirupati,monsoon,438.7,640.9,30.2,112.8,2.2,6.04,93.2,42.5,28.3,0
Kurnool,monsoon,738.1,145.0,45.8,194.3,7.3,4.03,86.7,98.0,27.1,0
Anantapur,winter,1496.1,1084.1,103.4,563.6,8.7,4.85,41.1,58.7,27.4,1
Kadapa,winter,1652.2,215.9,21.3,94.1,6.9,5.07,48.4,13.3,31.9,0
Visakhapatnam,monsoon,648.8,699.1,44.9,260.7,6.8,6.09,81.5,62.2,30.3,1
Kurnool,monsoon,941.3,691.4,25.5,109.7,4.9,4.36,67.4,41.3,33.5,0
Vijayawada,post_monsoon,1064.1,661.7,10.5,163.7,4.8,6.88,96.0,77.1,30.7,0
Vijayawada,monsoon,1637.8,461.4,104.2,434.7,11.6,4.79,81.9,65.4,25.1,1
Nellore,winter,887.4,805.1,47.3,245.0,11.7,5.39,76.8,43.6,26.7,0
Vijayawada,pre_monsoon,892.6,184.3,58.3,189.6,7.2,2.62,55.7,83.5,26.5,0
Visakhapatnam,pre_monsoon,1561.1,572.9,115.1,484.5,7.9,8.3,79.9,72.8,28.2,1
Visakhapatnam,post_monsoon,926.3,443.4,30.0,140.8,4.8,5.09,51.6,39.3,37.1,0
Visakhapatnam,pre_monsoon,1288.3,413.9,14.3,98.4,8.7,5.55,92.9,52.1,37.8,0
Vijayawada,monsoon,562.5,701.5,21.0,120.1,11.4,1.14,78.8,64.8,32.8,0
Kurnool,post_monsoon,993.5,870.1,13.2,0.0,3.5,2.64,58.8,48.1,29.5,0
Kadapa,post_monsoon,502.3,500.8,86.2,376.6,8.3,6.55,84.9,48.6,22.9,1
Rajahmundry,pre_monsoon,701.7,793.0,136.5,582.3,8.5,4.75,99.0,55.7,30.0,1
Anantapur,winter,1326.9,602.9,45.5,121.0,8.5,0.56,68.5,34.7,25.4,0
Kadapa,pre_monsoon,1033.5,357.9,67.0,390.5,11.1,6.17,80.8,12.6,36.3,0
Kurnool,winter,944.7,522.9,78.9,459.4,12.1,3.17,65.1,59.5,21.8,0
Kurnool,pre_monsoon,802.9,512.1,120.0,692.0,6.6,6.88,73.4,17.2,30.7,1
Kurnool,monsoon,977.2,408.9,132.9,649.7,8.8,4.03,47.9,36.1,25.1,1
Vijayawada,post_monsoon,1149.4,701.4,7.2,75.3,7.4,4.59,72.0,21.3,29.0,0
Kurnool,monsoon,1374.4,651.0,26.1,83.5,5.7,6.44,72.7,23.7,32.0,0
Visakhapatnam,monsoon,300.0,176.4,41.9,285.3,7.8,2.49,99.0,63.1,33.6,0
Tirupati,pre_monsoon,775.5,160.6,23.7,80.8,8.8,2.31,43.3,50.8,28.7,0
Kadapa,monsoon,1102.5,700.4,33.9,157.8,7.7,3.83,67.5,50.1,32.4,0
Visakhapatnam,monsoon,1017.4,378.0,55.7,258.3,5.1,5.77,92.6,30.0,26.0,1
Kadapa,post_monsoon,1183.1,668.5,54.7,287.5,6.1,1.67,68.1,42.5,30.1,0
Vijayawada,post_monsoon,1138.3,793.0,77.3,451.6,6.1,1.03,69.3,62.2,33.5,0
Rajahmundry,monsoon,949.4,259.6,42.6,271.4,5.2,5.77,58.7,54.0,30.5,0
Visakhapatnam,winter,876.1,223.0,3.6,0.0,8.0,3.05,57.1,70.6,26.6,0
Vijayawada,pre_monsoon,969.0,1025.4,31.8,115.5,8.2,3.45,42.8,73.3,27.7,0
Kurnool,monsoon,1429.1,681.4,52.0,194.7,9.6,0.67,61.9,50.2,33.6,0
Anantapur,post_monsoon,808.4,481.0,80.9,341.3,5.1,2.91,56.2,19.8,24.1,0
Visakhapatnam,monsoon,1029.3,347.2,73.4,426.1,5.8,4.19,73.9,40.6,24.8,0
Kadapa,monsoon,1110.5,457.3,38.5,262.0,10.9,5.97,59.4,53.1,31.7,0
Kadapa,monsoon,1564.9,280.5,24.8,170.5,6.8,2.73,64.3,40.2,27.0,0
Kurnool,pre_monsoon,950.9,819.7,39.8,282.7,7.3,7.35,64.8,35.0,22.5,0
Visakhapatnam,pre_monsoon,1366.4,388.0,8.4,56.8,6.8,2.9,71.2,56.3,35.1,0
Visakhapatnam,monsoon,1456.6,874.3,26.7,170.1,9.9,2.9,63.5,98.0,24.1,0
Anantapur,monsoon,1029.0,485.8,90.7,189.7,10.0,7.12,55.0,45.7,28.1,0
Visakhapatnam,monsoon,980.5,318.7,39.7,176.3,9.9,4.6,73.4,54.9,26.2,0
Visakhapatnam,pre_monsoon,941.4,479.2,53.6,100.6,7.3,3.15,89.1,30.1,27.7,0
Nellore,monsoon,965.6,50.0,12.7,48.9,5.1,3.91,74.1,78.6,25.0,0
Kurnool,pre_monsoon,1331.9,558.6,80.5,316.3,11.8,6.77,62.2,71.6,32.2,1
Nellore,post_monsoon,1126.2,545.8,37.1,115.0,9.3,6.99,70.0,70.3,29.5,0
Vijayawada,pre_monsoon,1127.6,804.4,52.3,403.1,6.1,2.65,39.2,80.8,33.4,1
Kurnool,winter,678.7,99.6,60.4,258.4,10.6,4.12,69.8,46.9,26.3,0
Kurnool,monsoon,730.7,892.1,78.6,237.2,5.9,4.37,65.6,49.3,38.6,1
Anantapur,monsoon,1757.3,803.4,46.9,185.3,10.6,2.33,57.1,87.5,20.4,0
Tirupati,monsoon,991.3,915.5,37.7,118.0,10.7,4.09,60.0,67.0,21.9,0
Tirupati,monsoon,794.3,576.3,15.4,57.9,5.0,4.21,65.4,12.8,36.9,0
Anantapur,post_monsoon,1522.3,853.6,11.6,102.5,8.6,6.37,87.9,63.6,31.1,0
Tirupati,monsoon,1143.0,207.5,46.3,209.8,9.1,6.49,89.5,43.9,30.5,0
Anantapur,monsoon,1240.8,775.4,52.6,283.0,13.5,3.57,57.1,72.1,30.9,0
Kurnool,monsoon,1004.4,389.5,58.6,262.4,5.4,3.79,63.7,62.8,31.6,0
Visakhapatnam,winter,944.8,160.6,21.4,78.7,10.6,5.46,64.1,21.9,30.3,0
Nellore,monsoon,994.0,297.7,26.9,118.4,7.2,3.09,85.0,60.1,24.7,0
Vijayawada,pre_monsoon,593.7,591.4,45.7,243.9,4.2,5.32,74.3,59.0,32.7,1
Visakhapatnam,monsoon,1021.0,375.7,29.6,204.5,6.9,4.03,73.5,61.9,32.0,0
Anantapur,winter,1147.7,687.8,172.0,652.8,7.2,2.36,80.6,65.9,35.4,1
Kurnool,post_monsoon,1660.7,119.9,26.5,92.1,4.7,2.38,62.5,83.4,36.9,0
Vijayawada,monsoon,1078.4,50.0,55.1,161.4,7.9,6.95,93.8,62.9,30.5,1
Kurnool,post_monsoon,300.0,946.8,72.0,260.6,9.5,3.9,72.0,55.4,23.5,0
Rajahmundry,monsoon,1019.0,825.0,74.9,360.7,7.8,7.32,58.3,76.8,37.0,1
Kurnool,winter,1954.0,317.2,29.2,82.0,5.9,3.22,68.3,97.6,24.4,0
Anantapur,monsoon,1335.9,589.2,60.6,387.4,6.8,4.75,91.7,72.4,30.5,1
Tirupati,monsoon,782.4,855.1,55.6,402.1,7.2,8.75,65.2,58.9,27.8,1
Kadapa,monsoon,1245.1,699.0,62.3,209.6,7.7,2.19,87.2,63.2,27.1,0
Anantapur,monsoon,805.1,628.5,45.3,114.1,9.9,0.59,62.0,59.9,32.4,0
Tirupati,monsoon,603.2,874.7,72.3,236.1,7.9,6.64,59.7,55.4,30.1,1
Tirupati,post_monsoon,935.0,400.0,49.1,219.3,3.8,2.63,82.6,96.1,31.3,0
Kurnool,monsoon,1080.2,598.1,13.8,91.8,5.9,4.16,58.0,40.8,25.3,0
Kurnool,monsoon,432.2,585.4,48.1,211.8,7.6,3.09,85.2,76.9,28.2,0
Tirupati,monsoon,670.8,519.1,52.1,177.5,9.9,4.71,77.6,52.6,25.5,0
Kurnool,monsoon,1053.4,488.7,69.0,316.1,10.3,2.39,58.0,26.9,28.1,0
Kurnool,post_monsoon,915.3,608.9,46.3,127.5,11.5,3.86,70.9,51.4,28.5,0
Vijayawada,monsoon,1180.3,598.9,121.8,387.3,7.5,5.05,63.2,44.6,37.3,1
Kadapa,monsoon,649.2,317.4,38.7,190.7,9.0,2.28,77.6,66.0,27.8,0
Nellore,monsoon,1285.7,798.5,28.1,123.9,3.7,2.87,99.0,56.7,19.4,1
Anantapur,monsoon,659.4,336.1,98.4,441.5,8.2,3.54,66.1,35.6,35.3,1
Nellore,monsoon,1592.1,533.3,37.9,240.4,4.6,1.49,80.5,82.9,31.0,0
Vijayawada,monsoon,483.8,513.2,43.3,39.3,7.0,3.4,72.4,75.7,28.4,0
Rajahmundry,pre_monsoon,689.5,683.1,52.1,292.0,14.5,4.43,72.4,85.1,27.0,0
Kurnool,monsoon,1187.7,50.0,49.1,160.5,7.9,3.44,69.4,59.5,24.7,0
Visakhapatnam,pre_monsoon,1599.2,821.6,62.0,257.4,5.1,3.68,58.3,54.3,37.7,0
Vijayawada,pre_monsoon,1154.0,414.0,66.3,388.8,8.2,4.16,77.4,68.4,29.2,1
Nellore,monsoon,1235.7,907.2,26.1,65.1,6.0,2.95,67.4,44.0,21.2,0
Kadapa,monsoon,1055.8,465.7,16.5,136.1,4.9,5.51,57.5,57.5,30.5,0
Tirupati,post_monsoon,711.3,577.3,18.3,123.3,12.2,6.93,88.2,51.7,34.4,0
Nellore,pre_monsoon,888.3,1087.6,91.5,408.4,9.8,3.32,73.6,27.2,29.7,1
Tirupati,winter,650.1,517.9,35.7,194.6,8.0,5.12,68.4,57.4,24.9,0
Visakhapatnam,post_monsoon,628.0,912.1,71.5,356.4,6.3,3.74,93.4,46.6,24.5,0
Rajahmundry,pre_monsoon,1182.6,600.2,67.5,206.8,6.5,4.89,42.6,50.4,24.9,0
Anantapur,pre_monsoon,679.4,698.0,43.3,179.8,10.9,7.17,92.4,61.9,35.8,1
Visakhapatnam,pre_monsoon,1155.5,608.2,21.1,126.3,7.9,5.17,57.9,79.2,28.7,0
Tirupati,monsoon,620.4,810.4,68.6,103.7,0.4,0.83,75.4,38.9,21.4,0
Nellore,post_monsoon,1147.8,411.8,42.3,166.3,13.0,5.06,62.6,48.6,30.7,0
Vijayawada,monsoon,888.7,334.1,15.6,18.3,7.6,6.54,57.2,40.5,29.6,0
Vijayawada,monsoon,1514.2,424.0,29.8,58.2,8.0,3.78,93.0,39.2,27.0,0
Kadapa,pre_monsoon,1156.8,615.9,10.7,155.4,9.8,6.09,99.0,43.7,24.4,0
Tirupati,monsoon,1457.8,532.6,30.9,270.1,8.3,2.89,68.5,51.3,24.2,1
Rajahmundry,monsoon,800.6,774.7,44.9,260.4,9.0,1.38,77.4,66.1,33.9,0
Nellore,pre_monsoon,1068.5,929.2,39.1,120.0,6.2,4.47,72.9,61.1,30.1,0
Tirupati,pre_monsoon,726.2,336.3,35.8,148.8,4.2,0.86,99.0,34.9,31.2,0
Tirupati,pre_monsoon,913.5,399.2,44.6,165.2,7.9,3.74,38.2,79.6,30.1,0
Anantapur,winter,963.5,216.6,59.5,136.3,10.6,6.65,78.0,72.9,30.5,0
Rajahmundry,monsoon,810.5,1117.9,75.3,244.2,5.6,0.57,60.4,37.9,26.9,0
Anantapur,monsoon,648.9,669.2,82.0,360.5,5.5,1.77,34.3,78.3,28.1,1
Nellore,winter,583.5,714.7,23.9,51.2,10.1,2.24,66.2,61.2,34.2,0
Kadapa,monsoon,300.0,241.5,87.3,236.7,6.1,4.08,99.0,52.0,35.4,0
Vijayawada,monsoon,701.4,589.7,42.3,261.4,6.2,3.51,61.5,61.8,23.5,0
Vijayawada,monsoon,1257.1,722.4,33.0,209.3,6.3,6.86,84.7,54.5,28.1,1
Nellore,monsoon,522.5,524.3,18.8,68.3,7.0,6.01,91.2,65.4,32.8,0
Tirupati,monsoon,598.5,869.7,3.2,56.3,3.4,5.14,71.8,58.6,37.5,1
Anantapur,monsoon,1641.0,1191.1,56.8,226.0,5.9,4.48,73.9,48.6,37.0,1
Nellore,pre_monsoon,840.0,343.8,55.3,317.0,7.8,4.95,44.5,16.5,25.4,0
Kadapa,monsoon,1155.9,324.3,27.8,168.4,7.7,2.56,60.5,65.0,34.7,0
Nellore,pre_monsoon,1262.0,361.8,28.4,136.5,10.0,5.83,86.5,47.9,29.3,0
Vijayawada,monsoon,1268.6,1007.6,38.1,213.0,11.6,2.09,73.0,69.8,33.7,0
Kurnool,monsoon,547.6,861.0,32.5,119.7,10.8,5.79,77.9,64.2,32.5,0
Kadapa,pre_monsoon,973.8,554.8,23.0,64.1,9.4,6.45,74.1,48.4,23.3,0
Vijayawada,monsoon,516.0,599.5,17.0,119.5,6.8,4.6,99.0,74.4,31.5,0
Kadapa,pre_monsoon,1857.3,377.7,87.9,391.1,5.7,3.87,65.1,58.9,33.5,0
Rajahmundry,pre_monsoon,523.7,821.4,29.7,158.0,7.2,4.96,97.7,58.1,28.9,0
Kurnool,pre_monsoon,704.2,491.2,55.1,194.6,8.6,0.5,74.1,52.4,27.9,0
Rajahmundry,monsoon,706.6,522.4,62.5,218.6,9.2,4.77,99.0,87.0,21.9,0
Tirupati,pre_monsoon,556.1,748.3,56.9,192.5,8.7,3.98,52.4,41.4,32.1,0
Nellore,monsoon,1496.4,541.1,64.8,427.9,6.9,4.1,75.0,48.9,29.9,1
Visakhapatnam,pre_monsoon,1849.4,528.9,56.5,248.8,9.1,5.54,65.7,31.5,24.9,0
Tirupati,monsoon,893.0,592.7,25.8,114.6,10.2,4.06,74.2,68.8,27.5,0
Nellore,post_monsoon,614.3,796.8,33.9,179.2,9.3,2.03,91.6,43.9,29.7,0
Anantapur,monsoon,311.8,1018.1,86.4,178.6,7.1,3.93,78.1,46.1,26.5,1
Kadapa,monsoon,969.4,742.2,29.0,141.2,5.2,4.33,91.5,45.2,29.0,0
Nellore,post_monsoon,945.6,798.9,42.4,208.7,5.1,4.42,61.3,56.2,21.1,0
Vijayawada,post_monsoon,835.1,538.0,59.7,277.6,5.6,4.51,58.8,31.2,35.1,0
Nellore,monsoon,1123.1,406.0,106.9,501.1,7.8,6.17,72.3,12.4,29.1,1
Visakhapatnam,post_monsoon,1180.4,760.0,81.5,414.0,8.4,2.14,71.4,63.7,24.1,1
Vijayawada,post_monsoon,1156.6,634.5,20.4,116.4,3.8,4.53,69.0,14.8,17.9,0
Kadapa,monsoon,945.7,220.1,53.9,189.9,6.0,6.65,56.7,71.2,33.6,1
Tirupati,monsoon,686.5,504.7,49.7,329.6,7.8,0.9,91.2,84.6,31.5,0
Tirupati,winter,1269.7,568.4,34.1,223.6,5.0,4.54,66.2,51.9,29.9,0
Rajahmundry,winter,1054.1,457.3,43.2,233.7,8.2,3.09,94.8,79.7,32.9,0
Kadapa,monsoon,1343.2,975.3,25.6,134.8,6.5,3.5,72.2,54.5,32.9,0
Kurnool,monsoon,1310.7,714.8,37.6,248.5,5.5,2.48,82.4,85.4,29.9,0
Rajahmundry,monsoon,580.8,947.0,29.2,236.4,7.3,3.88,80.9,46.3,27.9,0
Nellore,monsoon,576.7,658.5,45.6,197.0,8.1,7.7,58.8,10.1,27.1,0
Nellore,monsoon,800.7,611.2,33.2,87.7,5.2,1.8,77.9,53.5,30.9,0
Nellore,post_monsoon,701.4,346.5,112.1,498.1,6.6,1.98,99.0,87.5,35.3,1
Vijayawada,winter,1299.2,593.1,46.6,289.3,8.3,1.73,76.0,65.2,28.5,0
Vijayawada,pre_monsoon,1165.9,593.4,40.6,142.7,5.4,7.48,86.4,45.2,35.6,0
Kurnool,monsoon,1412.7,234.6,36.2,53.8,3.2,3.32,83.1,61.2,30.7,1
Tirupati,post_monsoon,1180.8,449.7,33.3,139.1,3.5,4.15,76.9,73.5,30.7,0
Rajahmundry,post_monsoon,1118.9,505.9,15.6,98.8,6.2,3.43,75.0,53.4,39.8,0
Tirupati,post_monsoon,1445.9,697.5,71.4,406.5,4.0,2.41,80.8,98.0,36.4,1
Tirupati,post_monsoon,1205.0,710.0,98.5,496.0,6.4,3.75,84.2,45.2,36.6,1
Anantapur,pre_monsoon,1072.5,438.9,28.9,106.6,11.2,8.87,50.4,74.0,25.4,0
Tirupati,monsoon,1538.5,711.9,86.1,435.5,3.9,6.84,76.0,69.5,38.9,1
Anantapur,pre_monsoon,1088.0,542.7,170.9,695.9,6.5,2.58,69.1,41.7,28.6,1
Tirupati,monsoon,949.6,50.0,133.5,371.0,12.3,5.43,65.7,46.9,28.0,1
Anantapur,post_monsoon,773.5,464.0,95.7,265.5,8.2,2.62,92.7,74.3,19.3,0
Tirupati,monsoon,1282.0,870.5,17.4,127.5,6.3,0.82,60.3,57.8,30.5,0
Rajahmundry,monsoon,1458.2,152.7,17.2,53.9,6.8,6.14,49.7,61.4,24.1,0
Vijayawada,pre_monsoon,1033.3,619.3,64.6,336.2,8.2,6.4,84.7,23.9,30.8,1
Visakhapatnam,pre_monsoon,1481.6,1002.2,42.7,149.3,11.3,6.19,49.3,67.5,23.8,0
Rajahmundry,pre_monsoon,399.9,392.2,6.7,70.4,5.9,3.31,41.2,60.5,37.1,0
Tirupati,winter,1031.7,590.6,31.4,171.9,5.4,3.88,86.5,53.8,31.5,0
Vijayawada,post_monsoon,1036.8,251.0,62.7,215.3,3.9,5.62,74.5,61.9,39.3,0
Nellore,monsoon,810.1,1013.1,38.0,94.1,7.4,4.94,79.6,47.2,24.4,0
Tirupati,post_monsoon,1836.7,568.3,42.8,271.2,3.8,3.45,64.9,43.8,36.0,0
Anantapur,monsoon,1028.2,602.1,17.2,64.5,6.1,1.12,49.8,50.4,20.9,0
Tirupati,pre_monsoon,915.4,942.1,31.1,133.1,5.0,4.42,53.0,46.2,29.9,0
Rajahmundry,pre_monsoon,1058.6,762.0,64.7,380.6,9.8,6.25,67.6,96.4,26.2,1
Kadapa,monsoon,389.1,362.3,30.0,192.8,6.0,1.92,51.6,72.3,27.0,0
Tirupati,pre_monsoon,799.2,421.7,90.5,385.5,8.2,5.41,76.9,36.6,26.7,0
Visakhapatnam,post_monsoon,1374.5,718.7,43.5,24.2,3.4,4.83,64.6,93.7,24.9,0
Anantapur,pre_monsoon,842.4,427.7,56.6,332.1,7.5,5.63,75.0,46.8,23.3,0
Tirupati,monsoon,776.5,50.0,63.8,266.6,4.3,5.86,74.5,55.6,27.0,1
Kadapa,monsoon,1482.1,576.2,62.1,479.8,6.2,2.88,78.2,72.1,29.5,1
Vijayawada,pre_monsoon,1492.3,205.1,20.0,79.2,12.5,1.13,80.0,17.6,34.2,0
Kadapa,pre_monsoon,1220.6,1010.2,22.9,74.7,9.4,3.19,66.5,50.5,30.3,0
Visakhapatnam,post_monsoon,899.8,636.0,6.6,58.0,6.9,5.89,74.9,44.1,34.2,0
Tirupati,pre_monsoon,971.0,354.7,33.8,193.8,14.9,3.17,75.8,58.9,22.3,0
Anantapur,monsoon,784.6,408.4,21.5,112.0,5.0,2.88,33.1,62.0,27.1,0
Tirupati,monsoon,721.7,98.8,29.4,174.5,10.0,0.74,82.3,53.5,32.2,0
Rajahmundry,pre_monsoon,705.3,304.1,36.4,114.4,3.5,7.53,74.4,52.7,30.5,0
Visakhapatnam,monsoon,846.0,854.2,47.5,124.7,6.6,5.77,81.0,75.2,25.1,1
Vijayawada,monsoon,708.5,1170.3,38.4,265.9,4.0,5.66,51.4,60.7,33.2,1
Rajahmundry,monsoon,534.0,778.9,37.9,199.8,7.8,6.04,66.9,55.8,26.6,1
Tirupati,post_monsoon,1122.4,566.1,53.7,251.1,7.3,5.3,54.5,57.8,25.5,0
Visakhapatnam,pre_monsoon,1127.4,477.7,41.5,246.5,6.5,3.74,83.9,89.9,31.2,0
Nellore,winter,1611.3,341.3,74.8,399.1,9.8,3.89,49.5,58.3,29.0,0
Nellore,monsoon,829.4,1125.5,41.6,265.3,5.8,3.39,57.1,45.2,26.6,0
Kurnool,post_monsoon,1147.7,540.9,107.3,570.3,8.0,9.21,80.5,18.7,26.5,1
Kurnool,winter,1153.2,1140.1,19.3,20.0,9.2,5.26,61.9,27.8,24.2,0
Kurnool,pre_monsoon,966.2,952.3,33.4,187.6,3.6,3.32,57.1,46.1,27.2,0
Kurnool,monsoon,1295.6,137.4,25.9,79.7,5.4,5.08,86.5,52.9,34.0,0
Visakhapatnam,monsoon,1305.8,416.9,48.7,302.8,7.3,2.28,87.2,44.4,30.1,0
Visakhapatnam,winter,1158.0,416.0,19.3,45.7,8.7,7.06,83.6,61.7,33.3,0
Visakhapatnam,monsoon,965.6,569.2,12.8,77.9,10.6,2.94,85.6,44.2,31.3,0
Kurnool,monsoon,932.0,574.3,22.3,105.9,6.7,5.15,68.3,37.6,26.2,0
Kurnool,monsoon,598.6,1369.0,13.6,13.6,6.4,6.23,68.7,66.6,21.6,1
Rajahmundry,pre_monsoon,784.0,309.9,36.7,182.7,5.1,4.93,61.6,81.0,24.8,0
Tirupati,pre_monsoon,844.7,649.5,47.4,150.2,8.0,4.38,74.7,34.0,26.0,0
Rajahmundry,monsoon,679.1,750.3,11.1,74.9,6.5,4.22,63.6,59.6,25.6,0
Nellore,monsoon,1195.2,589.6,31.9,251.9,6.5,4.09,65.1,18.8,33.4,0
Vijayawada,post_monsoon,1444.9,618.6,81.3,490.4,7.0,3.1,81.6,27.0,33.4,0
Anantapur,monsoon,750.3,318.3,96.5,429.6,8.5,3.35,91.0,43.8,39.0,1
Rajahmundry,monsoon,1143.5,617.7,68.1,430.0,5.8,7.01,78.4,76.6,25.6,1
Kurnool,post_monsoon,708.7,723.0,4.2,85.8,5.3,3.99,99.0,40.2,36.2,0
Anantapur,monsoon,949.4,675.2,44.5,329.7,8.2,2.71,60.7,39.5,36.2,0
Kadapa,monsoon,822.2,738.3,87.4,308.5,0.4,3.22,42.6,55.7,28.0,1
Kurnool,post_monsoon,1248.6,957.3,29.6,65.0,5.8,6.29,83.4,55.7,31.1,1
Nellore,pre_monsoon,826.0,833.6,15.9,44.7,4.4,5.48,59.7,40.1,34.6,0
Visakhapatnam,monsoon,1383.8,608.5,83.3,235.6,10.1,5.26,67.6,92.7,28.7,1
Anantapur,monsoon,968.9,285.3,91.1,426.9,6.1,3.71,43.7,50.0,28.4,0
Visakhapatnam,winter,835.6,434.0,41.3,208.6,5.9,5.29,57.6,57.2,26.2,0
Nellore,monsoon,636.4,532.9,16.0,96.5,7.1,2.98,48.0,47.4,18.4,0
Rajahmundry,pre_monsoon,1133.6,655.6,9.9,84.0,5.8,3.71,65.1,63.4,29.3,0
Anantapur,pre_monsoon,1345.4,465.6,52.1,196.0,6.2,6.04,65.7,78.5,25.8,0
Vijayawada,monsoon,1140.2,346.7,26.1,122.3,7.4,5.86,73.4,86.6,24.2,0
Vijayawada,pre_monsoon,1788.8,281.1,39.5,222.0,6.2,2.33,91.8,40.5,30.9,0
Tirupati,monsoon,1521.8,160.7,36.6,269.2,6.2,2.57,82.8,75.9,22.5,0
Anantapur,post_monsoon,948.5,528.9,21.4,35.3,4.8,4.41,46.0,65.4,32.6,0
Kurnool,monsoon,945.1,207.9,9.4,74.7,4.4,7.48,81.7,73.5,31.2,0
Tirupati,pre_monsoon,1205.0,329.9,30.2,226.9,7.3,0.56,73.8,53.3,27.2,0
Rajahmundry,pre_monsoon,773.5,487.6,45.7,239.4,7.9,4.73,70.4,51.4,28.7,0
Tirupati,pre_monsoon,1434.9,242.7,47.2,263.8,3.8,1.59,71.6,72.8,23.6,0
Kadapa,pre_monsoon,1169.3,688.7,24.8,79.1,9.0,2.99,75.3,73.1,32.4,0
Kurnool,post_monsoon,1134.6,782.5,90.0,410.5,9.0,3.51,60.9,84.7,29.8,1
Kadapa,monsoon,1276.7,447.1,17.4,123.8,9.5,3.4,69.1,58.8,30.2,0
Nellore,pre_monsoon,1618.5,476.4,77.3,512.3,7.9,3.19,90.9,53.0,31.3,0
Visakhapatnam,post_monsoon,1106.4,729.7,44.7,266.1,8.7,4.21,60.7,8.3,26.1,0
Nellore,monsoon,1012.7,404.4,30.4,168.3,12.4,3.18,55.5,24.4,22.2,0
Rajahmundry,winter,1547.9,386.5,56.7,333.6,6.5,1.42,71.0,47.5,33.3,0
Visakhapatnam,pre_monsoon,1369.3,901.1,35.1,136.5,4.7,5.68,53.9,34.1,32.1,0
Anantapur,monsoon,944.1,819.9,12.6,64.0,3.5,5.63,44.4,70.5,26.6,1
Vijayawada,monsoon,1051.7,746.4,16.3,126.1,11.4,5.8,66.5,30.1,30.8,0
Anantapur,pre_monsoon,1114.5,830.7,33.5,145.5,11.4,1.27,95.2,45.5,34.7,0
Visakhapatnam,post_monsoon,1169.4,75.9,27.5,45.5,5.0,4.77,71.4,46.2,34.1,0
Nellore,post_monsoon,602.3,942.0,76.1,273.1,5.5,5.48,74.9,77.9,26.5,1
Kadapa,post_monsoon,541.0,691.9,26.5,167.2,6.4,2.24,37.9,43.4,22.3,0
Anantapur,pre_monsoon,757.2,852.8,25.3,141.8,10.1,4.22,79.0,63.6,23.1,0
Rajahmundry,winter,731.6,690.7,22.9,155.5,4.1,3.98,73.5,58.7,27.6,0
Kurnool,post_monsoon,837.5,602.7,21.4,89.8,2.5,7.7,61.4,72.2,35.6,1
Anantapur,pre_monsoon,1259.5,518.4,21.9,158.5,12.4,7.86,74.9,71.2,25.7,0
Vijayawada,monsoon,994.3,685.5,14.3,87.1,7.9,1.04,74.7,54.4,26.3,0
Visakhapatnam,monsoon,1114.8,508.9,46.0,209.3,8.3,8.94,55.0,22.8,26.2,1
Tirupati,winter,646.0,815.6,37.2,87.4,6.7,2.46,77.3,50.6,26.6,0
Nellore,monsoon,897.7,177.5,36.1,81.0,8.3,6.06,91.2,54.6,28.9,0
Vijayawada,post_monsoon,1243.8,449.2,10.4,83.4,3.6,6.04,68.4,60.4,23.2,0
Anantapur,monsoon,1246.3,1121.7,53.5,184.0,5.2,2.31,58.1,41.0,33.9,1
Vijayawada,monsoon,810.9,427.2,57.1,253.2,7.5,5.14,69.2,76.7,28.3,0
Nellore,post_monsoon,1103.3,527.9,104.1,501.9,1.7,4.0,85.7,55.3,40.2,1
Visakhapatnam,monsoon,1775.6,360.5,55.1,301.7,6.5,5.25,52.4,37.5,23.7,1
Kadapa,monsoon,1044.2,677.3,117.4,264.7,6.3,4.64,81.3,46.3,36.2,1
Kadapa,monsoon,821.2,398.6,24.4,34.8,6.5,6.47,61.2,91.6,35.3,0
Kadapa,monsoon,992.7,541.7,107.6,365.7,5.9,4.34,75.9,67.6,27.1,1
Tirupati,pre_monsoon,1080.4,810.7,56.2,322.3,4.8,3.88,63.0,74.9,27.2,1
Vijayawada,winter,1000.1,408.3,51.6,169.5,2.8,6.28,62.9,35.2,24.9,0
Visakhapatnam,pre_monsoon,1039.7,795.0,35.5,121.8,7.5,5.3,96.4,41.9,24.9,0
Visakhapatnam,monsoon,573.7,803.8,30.3,217.0,6.5,5.59,49.5,42.1,29.0,0
Kadapa,monsoon,732.3,864.3,25.8,243.8,3.9,2.94,79.8,58.5,29.1,1
Anantapur,monsoon,1000.7,626.5,109.9,597.6,7.4,2.21,99.0,51.7,21.8,1
Vijayawada,monsoon,995.5,1432.7,34.7,307.9,6.5,3.12,83.0,45.7,39.3,1
Tirupati,monsoon,863.2,864.2,56.9,328.3,6.1,3.02,50.7,48.1,27.8,0
Nellore,post_monsoon,991.6,674.5,65.3,245.9,2.0,5.69,51.5,39.9,29.3,0
Visakhapatnam,pre_monsoon,1070.1,362.3,64.7,449.9,8.8,6.05,60.0,51.6,26.2,0
Nellore,monsoon,1343.5,564.8,46.2,50.3,4.2,3.91,74.5,76.2,27.8,0
Rajahmundry,monsoon,1017.3,960.8,106.4,542.4,7.4,6.92,75.6,26.3,27.4,1
Kurnool,monsoon,1181.7,1034.5,54.0,337.6,5.3,6.8,51.7,61.6,29.0,1
Visakhapatnam,pre_monsoon,871.3,974.4,25.3,167.0,6.3,4.66,58.0,81.2,28.9,0
Visakhapatnam,monsoon,1238.8,794.1,31.3,144.5,10.0,2.64,59.0,51.5,32.6,0
Kurnool,post_monsoon,1174.0,263.5,11.0,35.8,8.5,7.19,69.1,45.0,30.0,0
Nellore,monsoon,1335.7,716.7,49.6,169.5,9.9,4.08,99.0,72.6,32.2,0
Nellore,post_monsoon,1285.4,267.2,60.1,334.4,8.0,4.44,57.1,36.3,29.0,0
Nellore,post_monsoon,1244.3,203.3,63.5,247.2,8.2,3.55,56.4,54.6,30.0,0
Kadapa,monsoon,1017.5,652.2,56.2,234.2,2.9,2.51,53.9,35.2,27.9,0
Vijayawada,monsoon,1130.8,726.0,35.5,138.8,6.4,1.41,82.2,19.5,33.5,0
Rajahmundry,monsoon,1401.0,824.9,40.4,131.2,6.7,5.4,71.3,52.1,30.5,0
Vijayawada,post_monsoon,834.8,719.3,40.5,166.0,10.1,2.71,57.7,31.0,28.3,0
Vijayawada,winter,842.6,728.2,76.3,293.9,6.0,10.01,66.2,54.8,28.2,1
Kadapa,monsoon,1109.9,334.0,7.4,31.8,7.8,2.14,59.3,76.2,28.5,0
Kadapa,post_monsoon,1187.0,562.7,28.8,65.2,7.7,1.81,76.7,90.2,29.1,0
Kurnool,pre_monsoon,778.0,198.1,18.2,140.3,10.0,5.17,99.0,56.8,28.7,0
Anantapur,monsoon,1025.3,69.1,133.7,324.7,6.9,7.11,80.8,74.4,26.5,1
Vijayawada,monsoon,1019.0,782.6,86.0,498.7,9.2,4.32,70.5,62.6,32.4,1
Vijayawada,post_monsoon,319.0,394.2,29.7,135.9,3.1,5.29,61.4,47.7,32.7,0
Rajahmundry,post_monsoon,977.5,816.8,13.1,18.1,3.3,0.7,50.5,18.4,37.0,0
Vijayawada,pre_monsoon,998.1,878.2,16.4,94.9,1.7,2.91,83.7,85.9,26.3,1
Nellore,monsoon,997.1,429.0,75.6,423.0,9.1,2.16,82.9,35.1,32.0,0
Kadapa,pre_monsoon,1517.3,743.5,10.7,104.3,8.8,0.6,64.5,81.3,20.4,0
Tirupati,monsoon,648.8,418.1,40.9,140.6,9.4,4.42,91.4,65.2,32.7,0
Anantapur,monsoon,777.9,110.1,67.8,238.9,5.6,0.5,72.3,36.5,22.4,0
Nellore,monsoon,300.0,622.1,15.0,0.0,5.8,1.69,84.4,60.9,24.6,0
Kurnool,winter,891.3,467.6,40.5,79.6,6.9,3.18,76.7,95.5,30.5,0
Kurnool,pre_monsoon,919.4,475.6,30.1,11.7,10.7,2.62,69.2,84.2,26.2,0
Rajahmundry,monsoon,881.7,1103.6,27.2,249.9,11.3,4.95,56.7,45.3,25.6,0
Vijayawada,monsoon,1415.5,193.3,23.9,197.9,9.1,4.78,69.7,41.5,26.8,0
Visakhapatnam,monsoon,1334.0,689.5,71.5,308.0,8.0,5.9,85.5,56.9,32.3,0
Visakhapatnam,winter,1075.7,331.4,97.7,475.9,10.4,5.63,63.9,51.9,24.8,1
Visakhapatnam,monsoon,927.7,826.1,33.6,99.6,6.6,6.37,79.0,77.8,28.8,1
Anantapur,post_monsoon,1388.6,667.6,51.8,153.9,6.3,4.2,54.7,69.1,27.3,0
Tirupati,winter,1043.5,688.6,41.2,232.0,6.9,4.78,84.5,22.8,32.7,0
Anantapur,monsoon,780.0,344.3,8.4,64.5,4.9,5.17,77.0,63.7,32.8,0
Nellore,post_monsoon,483.6,390.9,32.6,147.2,6.8,4.47,52.8,51.6,20.7,0
Anantapur,winter,904.4,831.1,6.8,0.0,4.5,3.45,68.4,55.7,33.7,0
Visakhapatnam,monsoon,1299.0,1050.4,28.2,194.0,9.7,3.57,86.9,59.7,26.3,0
Visakhapatnam,pre_monsoon,1801.3,714.9,39.8,193.3,8.5,2.65,51.9,77.8,30.1,0
Tirupati,post_monsoon,1070.3,356.7,64.4,315.7,10.6,5.0,54.9,73.6,24.8,1
Kurnool,monsoon,797.4,678.1,48.7,147.4,3.3,4.02,70.9,40.8,30.7,0
Anantapur,post_monsoon,659.0,1221.1,72.7,262.8,11.8,2.94,99.0,53.9,40.5,1
Rajahmundry,pre_monsoon,1232.1,616.6,21.0,108.2,3.4,2.94,61.2,46.5,29.6,0
Anantapur,monsoon,467.7,970.1,90.0,463.1,4.3,1.9,79.9,23.0,26.9,1
Tirupati,monsoon,1231.6,397.5,97.8,472.1,5.7,6.06,76.2,52.9,28.0,1
Kadapa,pre_monsoon,1319.8,579.1,6.5,100.4,10.3,4.35,62.6,90.1,22.4,0
Rajahmundry,pre_monsoon,1194.0,751.1,10.1,66.3,7.7,2.56,74.6,22.5,35.5,0
Kadapa,winter,977.5,693.3,39.1,226.0,6.6,5.74,64.8,54.5,30.4,0
Visakhapatnam,post_monsoon,1236.4,390.7,26.7,152.3,5.3,3.14,66.3,53.9,24.3,0
Rajahmundry,monsoon,1106.4,379.5,29.9,273.9,3.9,1.53,45.4,60.5,24.4,0
Nellore,monsoon,793.2,847.0,48.4,282.7,9.9,6.14,71.6,36.7,29.1,1
Tirupati,monsoon,1660.6,899.8,74.6,244.1,9.1,3.18,86.4,27.9,33.2,0
Visakhapatnam,monsoon,933.9,983.2,20.1,65.9,10.4,3.42,72.9,28.8,23.8,0
Anantapur,monsoon,1306.0,1059.0,82.6,335.7,8.2,4.28,89.4,80.3,34.0,1
Visakhapatnam,monsoon,300.0,625.0,23.5,42.4,0.9,6.37,81.3,36.3,28.6,1
Rajahmundry,monsoon,1471.2,509.1,145.0,792.0,4.2,4.24,71.0,45.5,24.8,1
Tirupati,pre_monsoon,1534.7,941.3,90.4,182.1,8.3,1.92,62.0,95.0,26.9,1
Nellore,post_monsoon,1059.8,775.4,25.4,146.5,6.3,5.23,64.2,41.0,36.9,0
Kadapa,monsoon,1234.4,334.6,13.3,31.3,5.9,3.28,48.5,61.5,22.8,0
Rajahmundry,monsoon,1234.3,321.3,25.0,146.4,4.6,7.79,67.7,75.2,25.7,1
Tirupati,monsoon,837.9,717.9,22.4,157.5,9.5,4.2,74.3,74.3,33.3,0
Kurnool,pre_monsoon,1230.6,543.9,59.2,467.5,8.3,0.5,99.0,29.7,30.0,0
Visakhapatnam,post_monsoon,783.2,583.1,6.7,21.3,8.4,4.88,80.5,41.4,25.4,0
Nellore,post_monsoon,849.1,868.9,10.2,61.9,5.7,7.89,58.2,60.7,33.3,1
Rajahmundry,post_monsoon,1421.9,787.3,58.1,303.6,7.6,7.19,49.0,91.7,33.6,1
Tirupati,pre_monsoon,1371.6,935.8,21.7,116.0,4.0,7.68,68.7,40.5,30.5,0
Nellore,pre_monsoon,816.9,87.8,28.5,86.9,6.9,2.26,85.0,45.6,26.2,0
Visakhapatnam,pre_monsoon,807.9,655.9,67.6,360.1,1.1,5.93,68.5,63.0,26.9,1
Tirupati,winter,837.0,770.6,76.7,246.4,3.4,2.83,80.7,66.8,30.3,1
Tirupati,winter,1291.8,193.1,87.7,522.4,6.4,4.63,69.1,67.9,23.1,1
Kurnool,winter,720.0,419.7,64.0,203.9,12.9,1.78,83.5,38.9,35.0,0
Kurnool,post_monsoon,1167.7,371.5,34.7,153.2,2.9,2.98,46.4,44.9,36.7,0
Nellore,winter,1296.5,595.6,32.6,134.5,4.2,2.92,97.7,59.1,27.9,0
Kadapa,pre_monsoon,1020.9,1013.2,29.9,123.8,7.7,5.91,54.2,79.0,30.6,0
Kadapa,monsoon,1383.3,1115.9,15.1,102.6,11.4,5.72,84.7,50.5,34.3,0
Anantapur,monsoon,949.6,378.3,19.4,50.1,7.7,4.73,67.6,54.6,37.8,0
Anantapur,monsoon,979.4,726.9,80.5,283.5,8.9,1.63,70.1,35.5,36.0,0
Nellore,monsoon,727.5,735.3,23.4,109.3,6.4,3.61,68.1,90.4,21.2,0
Vijayawada,post_monsoon,1385.7,690.8,15.2,113.8,6.0,2.78,76.1,57.9,27.6,0
Kurnool,monsoon,797.0,693.7,84.8,305.9,7.4,5.85,79.3,75.5,31.3,1
Rajahmundry,monsoon,1165.4,669.0,46.4,264.7,5.6,6.44,88.9,55.6,26.8,1
Rajahmundry,monsoon,1026.5,1028.8,111.4,671.0,8.9,6.21,94.5,56.6,37.0,1
Vijayawada,monsoon,702.6,876.6,104.1,327.2,3.3,2.77,77.3,26.5,36.3,1
Rajahmundry,monsoon,849.0,314.4,16.3,144.3,9.3,0.5,99.0,14.1,25.3,0
Kurnool,monsoon,1506.3,796.9,37.3,65.0,7.3,0.84,73.5,78.8,28.3,0
Tirupati,pre_monsoon,1116.5,822.0,18.3,37.1,6.7,6.9,89.2,56.5,25.6,0
Kadapa,monsoon,717.0,671.9,18.1,106.9,3.3,3.44,78.9,58.9,28.1,0
Anantapur,pre_monsoon,1150.8,884.2,29.3,97.3,4.8,2.77,63.2,31.3,28.0,0
Nellore,pre_monsoon,1001.8,638.9,60.4,235.0,10.1,7.32,74.9,37.8,33.3,1
Nellore,pre_monsoon,2189.8,642.1,60.6,186.9,6.7,6.6,80.1,75.2,25.0,1
Rajahmundry,post_monsoon,1144.1,621.5,55.8,229.0,7.9,4.25,71.5,88.1,17.2,0
Vijayawada,pre_monsoon,924.4,65.3,34.6,191.3,5.1,3.64,78.6,43.2,21.8,0
Tirupati,monsoon,1518.6,569.1,62.8,319.2,7.1,3.95,85.8,67.8,24.4,1
Tirupati,post_monsoon,442.5,416.3,15.0,127.7,3.9,4.63,71.6,58.6,26.0,0
Kurnool,winter,1081.1,281.5,46.9,190.6,7.4,7.24,25.0,52.7,29.8,0
Nellore,monsoon,1708.2,962.8,40.7,258.8,8.1,5.0,98.9,90.2,24.1,1
Rajahmundry,pre_monsoon,1011.7,721.1,33.1,131.0,8.0,5.58,67.2,46.4,23.6,0
Vijayawada,pre_monsoon,478.0,582.2,48.2,141.7,5.0,6.42,58.8,78.6,24.8,0
Anantapur,monsoon,919.3,443.2,6.0,170.0,6.4,1.98,54.0,62.2,24.0,0
Tirupati,post_monsoon,1530.0,667.0,18.6,108.3,8.5,5.63,66.6,54.7,26.5,0
Anantapur,pre_monsoon,1174.1,847.8,57.2,238.6,6.7,3.64,63.0,81.1,26.3,0
Anantapur,monsoon,773.2,375.0,39.9,211.0,6.5,0.5,60.2,60.5,32.1,0
Kadapa,pre_monsoon,823.9,588.7,11.2,131.2,11.8,0.5,61.1,53.2,24.5,0
Visakhapatnam,monsoon,865.3,815.7,39.3,231.9,4.9,2.27,80.5,81.2,27.4,1
Tirupati,monsoon,1169.2,86.6,26.9,172.1,9.8,5.21,99.0,78.7,26.5,0
